,Filename,Validation,Label,Start,End
0,20220606_003000_R0.WAV,False,possum,260.0,265.0
1,20220606_003000_R1.WAV,False,possum,265.5,270.5
2,20220606_003000_R2.WAV,False,possum,268.0,273.0
3,20220606_003000_R3.WAV,False,possum,272.0,277.0
4,20220606_192000_R0.WAV,False,possum,74.5,79.5
5,20220606_192000_R1.WAV,False,false-positive,99.0,104.0
6,20220606_192000_R2.WAV,False,false-positive,196.0,201.0
7,20220606_192000_R3.WAV,False,false-positive,212.0,217.0
8,20220606_205000_R0.WAV,False,possum,123.5,128.5
9,20220606_205000_R1.WAV,False,false-positive,177.0,182.0
10,20220606_205000_R2.WAV,False,false-positive,212.0,217.0
11,20220606_205000_R3.WAV,False,false-positive,231.2873563218391,236.2873563218391
12,20220606_205000_R4.WAV,True,false-positive,244.0,249.0
13,20220606_205000_R5.WAV,True,false-positive,284.0,289.0
14,20220606_222000_R0.WAV,False,false-positive,212.0,217.0
15,20220607_002000_R0.WAV,True,possum,0.5,5.5
16,20220607_002000_R1.WAV,False,possum,51.0,56.0
17,20220607_002000_R2.WAV,False,possum,70.5,75.5
18,20220607_002000_R3.WAV,False,possum,82.0,87.0
19,20220607_002000_R4.WAV,False,possum,86.5,91.5
20,20220607_003000_R0.WAV,True,false-positive,60.5,65.5
21,20220607_003000_R1.WAV,False,possum,73.5,78.5
22,20220607_003000_R2.WAV,True,possum,82.0,87.0
23,20220607_003000_R3.WAV,True,false-positive,133.0,138.0
24,20220607_005000_R0.WAV,False,possum,48.0,53.0
25,20220607_005000_R1.WAV,True,false-positive,74.0,79.0
26,20220607_005000_R2.WAV,True,possum,104.0,109.0
27,20220607_005000_R3.WAV,True,possum,115.5,120.5
28,20220607_011000_R0.WAV,False,false-positive,18.0,23.0
29,20220607_011000_R1.WAV,False,false-positive,108.0,113.0
30,20220607_011000_R2.WAV,False,false-positive,270.0,275.0
31,20220607_011000_R3.WAV,False,possum,275.0,280.0
32,20220607_013000_R0.WAV,True,possum,216.0,221.0
33,20220607_013000_R1.WAV,True,possum,225.0,230.0
34,20220607_013000_R2.WAV,True,false-positive,276.0,281.0
35,20220607_021000_R0.WAV,True,possum,252.5,257.5
36,20220607_021000_R1.WAV,False,possum,265.5,270.5
37,20220607_043000_R0.WAV,False,possum,10.0,15.0
38,20220607_043000_R1.WAV,False,possum,27.0,32.0
39,20220607_043000_R2.WAV,False,possum,82.0,87.0
40,20220607_043000_R3.WAV,True,false-positive,241.0,246.0
41,20220607_043000_R4.WAV,True,false-positive,256.0,261.0
42,20220607_181000_R0.WAV,False,false-positive,64.0,69.0
43,20220607_181000_R1.WAV,True,false-positive,99.0,104.0
44,20220607_181000_R2.WAV,False,possum,253.5,258.5
45,20220607_190000_R0.WAV,False,possum,0.0,5.0
46,20220607_190000_R1.WAV,False,possum,62.0,67.0
47,20220607_190000_R2.WAV,True,possum,86.0,91.0
48,20220607_190000_R3.WAV,True,false-positive,169.0,174.0
49,20220607_192000_R0.WAV,True,false-positive,13.0,18.0
50,20220607_192000_R1.WAV,True,false-positive,91.0,96.0
51,20220607_192000_R2.WAV,False,possum,223.5,228.5
52,20220607_192000_R3.WAV,False,false-positive,246.0,251.0
53,20220607_194000_R0.WAV,False,false-positive,144.0,149.0
54,20220607_194000_R1.WAV,False,false-positive,154.0,159.0
55,20220607_194000_R2.WAV,False,false-positive,168.5,173.5
56,20220607_194000_R3.WAV,False,false-positive,199.0,204.0
57,20220607_194000_R4.WAV,False,false-positive,207.0,212.0
58,20220607_194000_R5.WAV,True,possum,226.0,231.0
59,20220607_194000_R6.WAV,True,false-positive,286.0,291.0
60,20220607_195000_R0.WAV,False,possum,19.0,24.0
61,20220607_195000_R1.WAV,False,possum,44.5,49.5
62,20220607_195000_R2.WAV,False,false-positive,170.0,175.0
63,20220607_195000_R3.WAV,True,false-positive,178.0,183.0
64,20220607_195000_R4.WAV,False,false-positive,238.0,243.0
65,20220607_195000_R5.WAV,True,false-positive,251.0,256.0
66,20220607_210000_R0.WAV,False,possum,223.0,228.0
67,20220607_210000_R1.WAV,False,possum,227.0,232.0
68,20220607_212000_R0.WAV,False,possum,49.0,54.0
69,20220607_214000_R0.WAV,False,false-positive,27.0,32.0
70,20220607_214000_R1.WAV,True,possum,69.0,74.0
71,20220607_214000_R2.WAV,False,possum,71.0,76.0
72,20220607_214000_R3.WAV,True,false-positive,208.0,213.0
73,20220607_214000_R4.WAV,False,false-positive,233.0,238.0
74,20220607_224000_R0.WAV,False,possum,51.5,56.5
75,20220607_224000_R1.WAV,False,false-positive,59.0,64.0
76,20220607_224000_R2.WAV,True,possum,253.5,258.5
77,20220607_231000_R0.WAV,False,possum,42.0,47.0
78,20220607_231000_R1.WAV,False,possum,93.0,98.0
79,20220607_231000_R2.WAV,False,possum,101.0,106.0
80,20220607_231000_R3.WAV,True,false-positive,126.0,131.0
81,20220607_231000_R4.WAV,True,possum,129.5,134.5
82,20220607_232000_R0.WAV,True,false-positive,123.0,128.0
83,20220607_232000_R1.WAV,True,false-positive,150.0,155.0
84,20220607_232000_R2.WAV,True,possum,260.0,265.0
85,20220607_234000_R0.WAV,False,possum,31.0,36.0
86,20220607_234000_R1.WAV,False,possum,292.5,297.5
87,20220607_234000_R2.WAV,True,possum,295.0,300.0
88,20220805_181000_R0.WAV,False,false-positive,52.0,57.0
89,20220805_181000_R1.WAV,False,possum,120.0,125.0
90,20220805_181000_R2.WAV,True,possum,182.5,187.5
91,20220805_182000_R0.WAV,False,possum,104.5,109.5
92,20220805_182000_R1.WAV,False,possum,217.5,222.5
93,20220805_182000_R2.WAV,False,false-positive,260.0,265.0
94,20220805_182000_R3.WAV,True,possum,272.5,277.5
95,20220805_183000_R0.WAV,False,false-positive,98.0,103.0
96,20220805_183000_R1.WAV,False,possum,116.0,121.0
97,20220805_183000_R2.WAV,True,possum,147.5,152.5
98,20220805_183000_R3.WAV,False,false-positive,156.0,161.0
99,20220805_183000_R4.WAV,False,false-positive,165.0,170.0
100,20220805_183000_R5.WAV,False,false-positive,213.0,218.0
101,20220805_183000_R6.WAV,True,false-positive,216.0,221.0
102,20220805_183000_R7.WAV,False,false-positive,268.0,273.0
103,20220805_183000_R8.WAV,False,false-positive,270.0,275.0
104,20220805_184000_R0.WAV,False,possum,59.5,64.5
105,20220805_184000_R1.WAV,True,false-positive,126.0,131.0
106,20220805_184000_R2.WAV,False,possum,206.5,211.5
107,20220805_184000_R3.WAV,False,false-positive,233.5,238.5
108,20220805_184000_R4.WAV,True,false-positive,236.0,241.0
109,20220805_184000_R5.WAV,False,possum,246.5,251.5
110,20220805_184000_R6.WAV,False,possum,264.0,269.0
111,20220805_185000_R0.WAV,True,false-positive,43.0,48.0
112,20220805_185000_R1.WAV,False,possum,67.5,72.5
113,20220805_185000_R2.WAV,True,false-positive,73.5,78.5
114,20220805_185000_R3.WAV,True,possum,98.5,103.5
115,20220805_185000_R4.WAV,False,possum,111.5,116.5
116,20220805_185000_R5.WAV,True,false-positive,123.0,128.0
117,20220805_185000_R6.WAV,False,false-positive,142.5,147.5
118,20220805_185000_R7.WAV,False,possum,226.0,231.0
119,20220805_185000_R8.WAV,False,false-positive,276.0,281.0
120,20220805_190000_R0.WAV,True,false-positive,37.0,42.0
121,20220805_190000_R1.WAV,True,possum,77.5,82.5
122,20220805_190000_R2.WAV,True,false-positive,89.0,94.0
123,20220805_190000_R3.WAV,False,false-positive,101.5,106.5
124,20220805_190000_R4.WAV,True,possum,148.0,153.0
125,20220805_190000_R5.WAV,True,possum,172.0,177.0
126,20220805_190000_R6.WAV,False,possum,217.0,222.0
127,20220805_190000_R7.WAV,True,possum,248.5,253.5
128,20220805_191000_R0.WAV,True,possum,0.0,5.0
129,20220805_191000_R1.WAV,False,false-positive,19.0,24.0
130,20220805_191000_R2.WAV,False,possum,40.5,45.5
131,20220805_191000_R3.WAV,True,possum,118.0,123.0
132,20220805_191000_R4.WAV,False,false-positive,129.0,134.0
133,20220805_191000_R5.WAV,True,false-positive,163.0,168.0
134,20220805_191000_R6.WAV,True,possum,206.0,211.0
135,20220805_191000_R7.WAV,True,possum,272.5,277.5
136,20220805_192000_R0.WAV,False,false-positive,170.0,175.0
137,20220805_192000_R1.WAV,True,possum,175.0,180.0
138,20220805_192000_R2.WAV,True,possum,197.0,202.0
139,20220805_192000_R3.WAV,True,false-positive,203.5,208.5
140,20220805_192000_R4.WAV,False,false-positive,286.0,291.0
141,20220805_193000_R0.WAV,False,possum,18.0,23.0
142,20220805_193000_R1.WAV,False,possum,95.0,100.0
143,20220805_193000_R2.WAV,False,possum,205.0,210.0
144,20220805_194000_R0.WAV,True,possum,22.0,27.0
145,20220805_194000_R1.WAV,False,possum,73.0,78.0
146,20220805_194000_R2.WAV,False,possum,100.0,105.0
147,20220805_194000_R3.WAV,False,false-positive,167.5,172.5
148,20220805_194000_R4.WAV,True,false-positive,175.0,180.0
149,20220805_194000_R5.WAV,True,false-positive,183.0,188.0
150,20220805_194000_R6.WAV,False,false-positive,189.0,194.0
151,20220805_194000_R7.WAV,True,false-positive,192.0,197.0
152,20220805_194000_R8.WAV,True,false-positive,194.0,199.0
153,20220805_194000_R9.WAV,True,possum,209.0,214.0
154,20220805_195000_R0.WAV,False,possum,76.5,81.5
155,20220805_195000_R1.WAV,False,possum,200.0,205.0
156,20220805_195000_R2.WAV,False,possum,270.5,275.5
157,20220805_200000_R0.WAV,False,false-positive,46.0,51.0
158,20220805_200000_R1.WAV,True,possum,90.0,95.0
159,20220805_200000_R2.WAV,True,false-positive,109.0,114.0
160,20220805_200000_R3.WAV,True,possum,130.0,135.0
161,20220805_200000_R4.WAV,False,possum,183.5,188.5
162,20220805_200000_R5.WAV,True,possum,206.5,211.5
163,20220805_200000_R6.WAV,False,possum,248.0,253.0
164,20220805_201000_R0.WAV,False,possum,9.0,14.0
165,20220805_201000_R1.WAV,False,false-positive,13.5,18.5
166,20220805_201000_R2.WAV,False,false-positive,17.5,22.5
167,20220805_201000_R3.WAV,False,false-positive,21.0,26.0
168,20220805_201000_R4.WAV,False,false-positive,27.0,32.0
169,20220805_201000_R5.WAV,True,false-positive,48.5,53.5
170,20220805_201000_R6.WAV,False,false-positive,55.0,60.0
171,20220805_201000_R7.WAV,False,false-positive,61.0,66.0
172,20220805_201000_R8.WAV,False,possum,199.0,204.0
173,20220805_201000_R9.WAV,False,possum,288.0,293.0
174,20220805_202000_R0.WAV,False,possum,23.0,28.0
175,20220805_202000_R1.WAV,True,possum,29.5,34.5
176,20220805_202000_R2.WAV,False,possum,94.5,99.5
177,20220805_202000_R3.WAV,False,possum,129.0,134.0
178,20220805_202000_R4.WAV,True,possum,208.0,213.0
179,20220805_202000_R5.WAV,False,false-positive,218.0,223.0
180,20220805_202000_R6.WAV,True,possum,244.0,249.0
181,20220805_202000_R7.WAV,False,false-positive,249.0,254.0
182,20220805_202000_R8.WAV,True,false-positive,295.0,300.0
183,20220805_203000_R0.WAV,True,possum,5.5,10.5
184,20220805_203000_R1.WAV,True,possum,105.0,110.0
185,20220805_203000_R2.WAV,False,possum,175.0,180.0
186,20220805_203000_R3.WAV,True,possum,294.0,299.0
187,20220805_204000_R0.WAV,False,possum,64.5,69.5
188,20220805_204000_R1.WAV,True,false-positive,76.0,81.0
189,20220805_204000_R2.WAV,False,false-positive,79.5,84.5
190,20220805_204000_R3.WAV,True,false-positive,83.0,88.0
191,20220805_204000_R4.WAV,False,possum,107.0,112.0
192,20220805_204000_R5.WAV,True,possum,146.0,151.0
193,20220805_204000_R6.WAV,True,false-positive,156.5,161.5
194,20220805_204000_R7.WAV,False,false-positive,161.5,166.5
195,20220805_204000_R8.WAV,True,possum,185.5,190.5
196,20220805_204000_R9.WAV,False,possum,248.0,253.0
197,20220805_210000_R0.WAV,False,possum,120.5,125.5
198,20220805_210000_R1.WAV,False,false-positive,177.0,182.0
199,20220805_210000_R2.WAV,True,false-positive,180.0,185.0
200,20220805_210000_R3.WAV,False,false-positive,220.5,225.5
201,20220805_210000_R4.WAV,True,false-positive,281.5,286.5
202,20220805_211000_R0.WAV,False,false-positive,13.5,18.5
203,20220805_211000_R1.WAV,False,possum,42.0,47.0
204,20220805_211000_R2.WAV,True,possum,44.0,49.0
205,20220805_211000_R3.WAV,True,possum,84.5,89.5
206,20220805_211000_R4.WAV,True,false-positive,95.0,100.0
207,20220805_211000_R5.WAV,True,false-positive,137.0,142.0
208,20220805_211000_R6.WAV,False,false-positive,153.0,158.0
209,20220805_211000_R7.WAV,False,false-positive,175.5,180.5
210,20220805_211000_R8.WAV,False,false-positive,181.0,186.0
211,20220805_211000_R9.WAV,True,false-positive,198.0,203.0
212,20220805_211000_R10.WAV,True,false-positive,254.0,259.0
213,20220805_211000_R11.WAV,True,false-positive,282.0,287.0
214,20220805_212000_R0.WAV,False,false-positive,28.0,33.0
215,20220805_212000_R1.WAV,True,false-positive,40.0,45.0
216,20220805_212000_R2.WAV,True,false-positive,43.5,48.5
217,20220805_212000_R3.WAV,False,possum,144.5,149.5
218,20220805_212000_R4.WAV,False,possum,204.5,209.5
219,20220805_212000_R5.WAV,True,possum,252.5,257.5
220,20220805_213000_R0.WAV,False,possum,141.5,146.5
221,20220805_213000_R1.WAV,False,possum,172.5,177.5
222,20220805_213000_R2.WAV,False,false-positive,245.0,250.0
223,20220805_213000_R3.WAV,False,false-positive,248.5,253.5
224,20220805_213000_R4.WAV,True,false-positive,259.0,264.0
225,20220805_213000_R5.WAV,False,false-positive,262.5,267.5
226,20220805_213000_R6.WAV,False,false-positive,265.0,270.0
227,20220805_213000_R7.WAV,True,false-positive,280.0,285.0
228,20220805_214000_R0.WAV,False,possum,23.0,28.0
229,20220805_214000_R1.WAV,True,possum,52.5,57.5
230,20220805_214000_R2.WAV,True,false-positive,57.5,62.5
231,20220805_214000_R3.WAV,True,false-positive,74.0,79.0
232,20220805_214000_R4.WAV,False,false-positive,119.0,124.0
233,20220805_214000_R5.WAV,False,possum,127.0,132.0
234,20220805_214000_R6.WAV,True,false-positive,184.0,189.0
235,20220805_214000_R7.WAV,True,false-positive,205.0,210.0
236,20220805_214000_R8.WAV,False,false-positive,223.0,228.0
237,20220805_220000_R0.WAV,False,false-positive,20.0,25.0
238,20220805_220000_R1.WAV,False,false-positive,46.5,51.5
239,20220805_220000_R2.WAV,False,possum,50.0,55.0
240,20220805_220000_R3.WAV,True,possum,67.5,72.5
241,20220805_220000_R4.WAV,True,possum,101.0,106.0
242,20220805_220000_R5.WAV,True,possum,197.0,202.0
243,20220805_220000_R6.WAV,False,possum,223.5,228.5
244,20220805_220000_R7.WAV,False,false-positive,248.0,253.0
245,20220805_221000_R0.WAV,True,possum,14.0,19.0
246,20220805_221000_R1.WAV,False,possum,74.0,79.0
247,20220805_221000_R2.WAV,False,possum,176.5,181.5
248,20220805_221000_R3.WAV,True,false-positive,230.0,235.0
249,20220805_221000_R4.WAV,True,possum,237.5,242.5
250,20220805_221000_R5.WAV,False,possum,240.0,245.0
251,20220805_221000_R6.WAV,True,false-positive,253.0,258.0
252,20220805_221000_R7.WAV,True,false-positive,268.0,273.0
253,20220805_222000_R0.WAV,True,false-positive,21.5,26.5
254,20220805_222000_R1.WAV,False,possum,50.5,55.5
255,20220805_222000_R2.WAV,False,possum,111.0,116.0
256,20220805_222000_R3.WAV,True,possum,174.5,179.5
257,20220805_222000_R4.WAV,True,possum,231.0,236.0
258,20220805_222000_R5.WAV,False,false-positive,257.0,262.0
259,20220805_223000_R0.WAV,True,false-positive,44.0,49.0
260,20220805_223000_R1.WAV,True,possum,91.5,96.5
261,20220805_223000_R2.WAV,False,possum,158.5,163.5
262,20220805_223000_R3.WAV,True,false-positive,220.5,225.5
263,20220805_223000_R4.WAV,False,possum,245.5,250.5
264,20220805_223000_R5.WAV,True,false-positive,257.5,262.5
265,20220805_225000_R0.WAV,True,false-positive,3.5,8.5
266,20220805_225000_R1.WAV,True,possum,164.5,169.5
267,20220805_225000_R2.WAV,True,false-positive,192.0,197.0
268,20220805_225000_R3.WAV,True,false-positive,196.0,201.0
269,20220805_225000_R4.WAV,False,false-positive,203.5,208.5
270,20220805_225000_R5.WAV,False,false-positive,293.0,298.0
271,20220805_231000_R0.WAV,False,false-positive,28.5,33.5
272,20220805_231000_R1.WAV,True,possum,53.5,58.5
273,20220805_233000_R0.WAV,False,possum,57.0,62.0
274,20220805_233000_R1.WAV,False,possum,60.5,65.5
275,20220805_233000_R2.WAV,False,possum,143.0,148.0
276,20220606_205000_R6.WAV,False,possum,90.316091954023,95.316091954023
277,20220806_000000_R0.WAV,False,false-positive,8.0,13.0
278,20220806_000000_R1.WAV,False,false-positive,16.0,21.0
279,20220806_000000_R2.WAV,False,false-positive,24.5,29.5
280,20220806_000000_R3.WAV,False,false-positive,64.0,69.0
281,20220806_000000_R4.WAV,False,possum,106.0,111.0
282,20220806_000000_R5.WAV,False,possum,258.0,263.0
283,20220806_001000_R0.WAV,True,false-positive,93.0,98.0
284,20220806_001000_R1.WAV,False,false-positive,100.5,105.5
285,20220806_001000_R2.WAV,True,false-positive,104.5,109.5
286,20220806_001000_R3.WAV,False,false-positive,109.5,114.5
287,20220806_001000_R4.WAV,False,false-positive,117.5,122.5
288,20220806_001000_R5.WAV,False,false-positive,125.0,130.0
289,20220806_001000_R6.WAV,True,false-positive,129.0,134.0
290,20220806_001000_R7.WAV,False,false-positive,134.5,139.5
291,20220806_001000_R8.WAV,False,false-positive,141.5,146.5
292,20220806_001000_R9.WAV,False,false-positive,146.5,151.5
293,20220806_001000_R10.WAV,False,possum,191.0,196.0
294,20220806_003000_R0.WAV,True,false-positive,27.5,32.5
295,20220806_003000_R1.WAV,False,possum,76.5,81.5
296,20220806_003000_R2.WAV,True,possum,160.0,165.0
297,20220806_003000_R3.WAV,True,possum,162.5,167.5
298,20220806_003000_R4.WAV,False,possum,167.0,172.0
299,20220806_003000_R5.WAV,False,possum,182.0,187.0
300,20220806_004000_R0.WAV,False,possum,85.5,90.5
301,20220806_004000_R1.WAV,False,possum,161.0,166.0
302,20220806_004000_R2.WAV,True,possum,215.0,220.0
303,20220806_004000_R3.WAV,False,possum,291.5,296.5
304,20220806_010000_R0.WAV,False,possum,32.5,37.5
305,20220806_010000_R1.WAV,True,possum,66.0,71.0
306,20220806_010000_R2.WAV,False,false-positive,69.0,74.0
307,20220806_010000_R3.WAV,False,possum,96.5,101.5
308,20220806_010000_R4.WAV,False,possum,240.5,245.5
309,20220806_010000_R5.WAV,False,false-positive,290.0,295.0
310,20220806_011000_R0.WAV,False,possum,88.5,93.5
311,20220806_011000_R1.WAV,False,false-positive,104.0,109.0
312,20220806_011000_R2.WAV,False,false-positive,107.5,112.5
313,20220806_011000_R3.WAV,True,false-positive,111.0,116.0
314,20220806_011000_R4.WAV,True,possum,143.5,148.5
315,20220806_011000_R5.WAV,True,false-positive,282.0,287.0
316,20220806_012000_R0.WAV,True,possum,96.0,101.0
317,20220806_012000_R1.WAV,False,false-positive,185.5,190.5
318,20220806_012000_R2.WAV,False,possum,190.5,195.5
319,20220806_012000_R3.WAV,False,possum,246.0,251.0
320,20220806_012000_R4.WAV,False,possum,279.5,284.5
321,20220806_012000_R5.WAV,False,false-positive,285.0,290.0
322,20220806_013000_R0.WAV,False,possum,0.0,5.0
323,20220806_013000_R1.WAV,True,possum,120.5,125.5
324,20220806_013000_R2.WAV,True,false-positive,156.0,161.0
325,20220806_013000_R3.WAV,False,possum,200.5,205.5
326,20220806_013000_R4.WAV,True,false-positive,250.0,255.0
327,20220806_013000_R5.WAV,True,possum,286.5,291.5
328,20220806_014000_R0.WAV,True,possum,0.0,5.0
329,20220806_014000_R1.WAV,False,possum,2.0,7.0
330,20220806_014000_R2.WAV,False,false-positive,112.0,117.0
331,20220806_014000_R3.WAV,False,possum,151.5,156.5
332,20220806_014000_R4.WAV,False,false-positive,156.0,161.0
333,20220806_015000_R0.WAV,False,false-positive,11.0,16.0
334,20220806_015000_R1.WAV,False,false-positive,35.0,40.0
335,20220806_015000_R2.WAV,False,possum,115.5,120.5
336,20220806_015000_R3.WAV,True,possum,203.0,208.0
337,20220806_015000_R4.WAV,False,possum,208.0,213.0
338,20220806_015000_R5.WAV,False,false-positive,244.0,249.0
339,20220806_015000_R6.WAV,False,false-positive,271.0,276.0
340,20220806_015000_R7.WAV,False,false-positive,273.0,278.0
341,20220806_015000_R8.WAV,False,false-positive,276.5,281.5
342,20220806_021000_R0.WAV,False,possum,5.5,10.5
343,20220806_021000_R1.WAV,False,false-positive,147.0,152.0
344,20220806_021000_R2.WAV,True,possum,242.0,247.0
345,20220806_023000_R0.WAV,False,possum,73.0,78.0
346,20220806_023000_R1.WAV,True,false-positive,86.0,91.0
347,20220806_023000_R2.WAV,True,false-positive,91.0,96.0
348,20220806_023000_R3.WAV,False,possum,117.0,122.0
349,20220806_023000_R4.WAV,True,possum,227.5,232.5
350,20220806_023000_R5.WAV,False,possum,290.5,295.5
351,20220806_024000_R0.WAV,False,possum,16.5,21.5
352,20220806_024000_R1.WAV,False,false-positive,44.5,49.5
353,20220806_024000_R2.WAV,False,false-positive,111.5,116.5
354,20220806_024000_R3.WAV,False,false-positive,200.5,205.5
355,20220806_024000_R4.WAV,True,false-positive,205.0,210.0
356,20220806_024000_R5.WAV,True,false-positive,207.0,212.0
357,20220806_024000_R6.WAV,True,false-positive,237.0,242.0
358,20220806_024000_R7.WAV,False,false-positive,248.5,253.5
359,20220806_025000_R0.WAV,False,possum,9.5,14.5
360,20220806_025000_R1.WAV,False,possum,44.5,49.5
361,20220806_025000_R2.WAV,False,possum,66.0,71.0
362,20220806_025000_R3.WAV,True,possum,69.0,74.0
363,20220806_025000_R4.WAV,False,possum,114.0,119.0
364,20220806_025000_R5.WAV,False,possum,166.0,171.0
365,20220806_031000_R0.WAV,True,possum,39.5,44.5
366,20220806_031000_R1.WAV,False,possum,95.5,100.5
367,20220806_031000_R2.WAV,False,false-positive,129.0,134.0
368,20220806_031000_R3.WAV,False,false-positive,135.0,140.0
369,20220806_031000_R4.WAV,False,possum,164.5,169.5
370,20220806_032000_R0.WAV,False,false-positive,4.5,9.5
371,20220806_032000_R1.WAV,False,false-positive,12.5,17.5
372,20220806_032000_R2.WAV,True,possum,20.5,25.5
373,20220806_032000_R3.WAV,True,possum,102.5,107.5
374,20220806_032000_R4.WAV,False,false-positive,125.5,130.5
375,20220806_032000_R5.WAV,True,false-positive,163.0,168.0
376,20220806_032000_R6.WAV,True,possum,239.5,244.5
377,20220806_032000_R7.WAV,False,possum,294.5,299.5
378,20220806_033000_R0.WAV,False,possum,136.0,141.0
379,20220806_033000_R1.WAV,False,possum,139.0,144.0
380,20220806_033000_R2.WAV,False,possum,160.0,165.0
381,20220806_033000_R3.WAV,False,false-positive,180.0,185.0
382,20220806_033000_R4.WAV,True,false-positive,242.0,247.0
383,20220806_034000_R0.WAV,False,possum,76.0,81.0
384,20220806_034000_R1.WAV,True,false-positive,162.0,167.0
385,20220806_034000_R2.WAV,True,false-positive,176.0,181.0
386,20220806_034000_R3.WAV,True,false-positive,235.0,240.0
387,20220806_035000_R0.WAV,False,possum,0.0,5.0
388,20220806_035000_R1.WAV,False,possum,3.0,8.0
389,20220806_035000_R2.WAV,True,possum,5.0,10.0
390,20220806_035000_R3.WAV,False,possum,35.5,40.5
391,20220806_035000_R4.WAV,False,possum,79.0,84.0
392,20220806_035000_R5.WAV,False,possum,92.0,97.0
393,20220806_035000_R6.WAV,False,possum,120.0,125.0
394,20220806_035000_R7.WAV,True,possum,160.0,165.0
395,20220806_035000_R8.WAV,True,possum,252.0,257.0
396,20220806_035000_R9.WAV,False,false-positive,268.0,273.0
397,20220806_040000_R0.WAV,False,possum,40.5,45.5
398,20220806_040000_R1.WAV,True,false-positive,64.5,69.5
399,20220806_040000_R2.WAV,True,possum,77.5,82.5
400,20220806_040000_R3.WAV,True,false-positive,96.0,101.0
401,20220806_040000_R4.WAV,True,possum,102.5,107.5
402,20220806_040000_R5.WAV,False,false-positive,128.5,133.5
403,20220806_040000_R6.WAV,False,false-positive,131.5,136.5
404,20220806_040000_R7.WAV,True,possum,219.5,224.5
405,20220806_041000_R0.WAV,True,possum,75.5,80.5
406,20220806_041000_R1.WAV,False,false-positive,104.0,109.0
407,20220806_041000_R2.WAV,False,false-positive,108.0,113.0
408,20220806_041000_R3.WAV,False,possum,174.0,179.0
409,20220806_041000_R4.WAV,False,false-positive,183.0,188.0
410,20220806_041000_R5.WAV,False,false-positive,189.0,194.0
411,20220806_041000_R6.WAV,False,possum,204.0,209.0
412,20220806_041000_R7.WAV,False,possum,206.5,211.5
413,20220806_041000_R8.WAV,False,false-positive,230.0,235.0
414,20220806_041000_R9.WAV,True,possum,292.5,297.5
415,20220806_042000_R0.WAV,True,possum,0.5,5.5
416,20220806_042000_R1.WAV,False,possum,81.0,86.0
417,20220806_042000_R2.WAV,True,possum,171.5,176.5
418,20220806_042000_R3.WAV,True,possum,191.5,196.5
419,20220806_042000_R4.WAV,False,possum,217.5,222.5
420,20220806_042000_R5.WAV,False,possum,248.0,253.0
421,20220806_042000_R6.WAV,True,false-positive,277.0,282.0
422,20220806_044000_R0.WAV,True,possum,49.5,54.5
423,20220806_044000_R1.WAV,False,possum,103.0,108.0
424,20220806_044000_R2.WAV,True,false-positive,143.0,148.0
425,20220806_044000_R3.WAV,False,possum,175.0,180.0
426,20220806_044000_R4.WAV,False,possum,233.5,238.5
427,20220806_045000_R0.WAV,False,possum,7.5,12.5
428,20220806_045000_R1.WAV,True,possum,35.5,40.5
429,20220806_045000_R2.WAV,False,possum,70.5,75.5
430,20220806_045000_R3.WAV,False,possum,78.0,83.0
431,20220806_045000_R4.WAV,False,false-positive,114.5,119.5
432,20220806_045000_R5.WAV,False,possum,273.0,278.0
433,20220806_050000_R0.WAV,True,possum,0.0,5.0
434,20220806_050000_R1.WAV,False,false-positive,162.0,167.0
435,20220806_050000_R2.WAV,True,possum,221.5,226.5
436,20220806_050000_R3.WAV,False,false-positive,235.0,240.0
437,20220806_050000_R4.WAV,False,false-positive,239.0,244.0
438,20220806_050000_R5.WAV,False,false-positive,262.0,267.0
439,20220806_050000_R6.WAV,True,false-positive,268.5,273.5
440,20220806_050000_R7.WAV,True,false-positive,271.0,276.0
441,20220806_050000_R8.WAV,False,false-positive,274.5,279.5
442,20220806_050000_R9.WAV,False,false-positive,285.5,290.5
443,20220806_051000_R0.WAV,False,possum,12.0,17.0
444,20220806_051000_R1.WAV,False,false-positive,170.5,175.5
445,20220806_051000_R2.WAV,False,possum,178.5,183.5
446,20220806_051000_R3.WAV,False,false-positive,218.0,223.0
447,20220806_051000_R4.WAV,False,false-positive,295.0,300.0
448,20220806_052000_R0.WAV,True,possum,129.5,134.5
449,20220806_052000_R1.WAV,False,possum,244.5,249.5
450,20220806_052000_R2.WAV,False,false-positive,295.0,300.0
451,20220806_053000_R0.WAV,True,false-positive,57.0,62.0
452,20220806_053000_R1.WAV,False,possum,62.5,67.5
453,20220806_053000_R2.WAV,False,false-positive,69.0,74.0
454,20220806_053000_R3.WAV,True,false-positive,72.0,77.0
455,20220806_053000_R4.WAV,False,false-positive,109.5,114.5
456,20220806_053000_R5.WAV,False,possum,140.0,145.0
457,20220806_054000_R0.WAV,False,false-positive,19.0,24.0
458,20220806_054000_R1.WAV,True,false-positive,32.0,37.0
459,20220806_054000_R2.WAV,False,false-positive,137.0,142.0
460,20220806_054000_R3.WAV,True,false-positive,176.0,181.0
461,20220806_055000_R0.WAV,False,false-positive,3.0,8.0
462,20220806_055000_R1.WAV,False,false-positive,5.5,10.5
463,20220806_055000_R2.WAV,False,false-positive,9.0,14.0
464,20220806_055000_R3.WAV,False,possum,49.0,54.0
465,20220806_055000_R4.WAV,False,possum,87.0,92.0
466,20220806_055000_R5.WAV,False,false-positive,113.0,118.0
467,20220806_180000_R0.WAV,True,false-positive,2.0,7.0
468,20220806_180000_R1.WAV,True,possum,36.5,41.5
469,20220806_180000_R2.WAV,False,possum,43.5,48.5
470,20220806_180000_R3.WAV,False,false-positive,53.0,58.0
471,20220806_180000_R4.WAV,True,false-positive,71.5,76.5
472,20220806_180000_R5.WAV,True,false-positive,216.0,221.0
473,20220806_180000_R6.WAV,False,false-positive,220.5,225.5
474,20220806_180000_R7.WAV,True,possum,258.5,263.5
475,20220806_180000_R8.WAV,False,possum,263.5,268.5
476,20220806_180000_R9.WAV,False,possum,286.5,291.5
477,20220806_181000_R0.WAV,False,false-positive,130.0,135.0
478,20220806_181000_R1.WAV,False,possum,164.5,169.5
479,20220806_181000_R2.WAV,False,possum,207.5,212.5
480,20220806_181000_R3.WAV,True,false-positive,281.0,286.0
481,20220806_181000_R4.WAV,False,possum,287.5,292.5
482,20220806_182000_R0.WAV,True,false-positive,29.0,34.0
483,20220806_182000_R1.WAV,False,false-positive,32.0,37.0
484,20220806_182000_R2.WAV,True,false-positive,36.0,41.0
485,20220806_182000_R3.WAV,False,possum,231.0,236.0
486,20220806_182000_R4.WAV,True,possum,284.0,289.0
487,20220806_183000_R0.WAV,False,false-positive,48.0,53.0
488,20220806_183000_R1.WAV,False,possum,79.0,84.0
489,20220806_183000_R2.WAV,True,false-positive,126.0,131.0
490,20220806_183000_R3.WAV,False,possum,230.0,235.0
491,20220806_183000_R4.WAV,False,false-positive,249.0,254.0
492,20220806_183000_R5.WAV,True,possum,261.5,266.5
493,20220806_184000_R0.WAV,True,false-positive,0.0,5.0
494,20220806_184000_R1.WAV,False,false-positive,6.0,11.0
495,20220806_184000_R2.WAV,False,false-positive,13.0,18.0
496,20220806_184000_R3.WAV,True,false-positive,15.0,20.0
497,20220806_184000_R4.WAV,True,false-positive,28.0,33.0
498,20220806_184000_R5.WAV,True,false-positive,34.0,39.0
499,20220806_184000_R6.WAV,False,false-positive,37.0,42.0
500,20220806_184000_R7.WAV,False,false-positive,39.0,44.0
501,20220806_184000_R8.WAV,False,false-positive,50.0,55.0
502,20220806_184000_R9.WAV,False,false-positive,96.0,101.0
503,20220806_184000_R10.WAV,False,possum,124.0,129.0
504,20220806_184000_R11.WAV,False,possum,171.5,176.5
505,20220806_184000_R12.WAV,False,false-positive,184.0,189.0
506,20220806_184000_R13.WAV,False,possum,268.5,273.5
507,20220806_184000_R14.WAV,True,false-positive,290.0,295.0
508,20220806_185000_R0.WAV,False,false-positive,103.0,108.0
509,20220806_185000_R1.WAV,False,false-positive,117.0,122.0
510,20220806_185000_R2.WAV,True,false-positive,212.5,217.5
511,20220806_185000_R3.WAV,False,false-positive,227.0,232.0
512,20220806_185000_R4.WAV,False,false-positive,251.0,256.0
513,20220806_185000_R5.WAV,True,false-positive,264.0,269.0
514,20220806_190000_R0.WAV,False,false-positive,0.0,5.0
515,20220806_190000_R1.WAV,False,false-positive,5.0,10.0
516,20220806_190000_R2.WAV,True,false-positive,27.0,32.0
517,20220806_190000_R3.WAV,False,possum,30.5,35.5
518,20220806_190000_R4.WAV,False,false-positive,44.0,49.0
519,20220806_190000_R5.WAV,False,possum,69.5,74.5
520,20220806_190000_R6.WAV,True,possum,72.0,77.0
521,20220806_190000_R7.WAV,False,possum,130.5,135.5
522,20220806_190000_R8.WAV,False,false-positive,147.0,152.0
523,20220806_190000_R9.WAV,False,false-positive,154.0,159.0
524,20220806_190000_R10.WAV,True,false-positive,172.0,177.0
525,20220806_190000_R11.WAV,False,false-positive,176.0,181.0
526,20220806_190000_R12.WAV,False,false-positive,201.0,206.0
527,20220806_190000_R13.WAV,True,false-positive,209.0,214.0
528,20220806_192000_R0.WAV,False,possum,30.0,35.0
529,20220806_192000_R1.WAV,False,false-positive,90.0,95.0
530,20220806_192000_R2.WAV,True,false-positive,111.0,116.0
531,20220806_192000_R3.WAV,False,possum,157.0,162.0
532,20220806_192000_R4.WAV,False,possum,160.0,165.0
533,20220806_192000_R5.WAV,False,false-positive,167.0,172.0
534,20220806_192000_R6.WAV,False,possum,177.5,182.5
535,20220806_192000_R7.WAV,True,false-positive,238.0,243.0
536,20220806_192000_R8.WAV,False,possum,264.5,269.5
537,20220806_193000_R0.WAV,True,possum,102.0,107.0
538,20220806_193000_R1.WAV,False,possum,137.0,142.0
539,20220806_193000_R2.WAV,False,possum,166.5,171.5
540,20220806_193000_R3.WAV,True,possum,261.5,266.5
541,20220806_193000_R4.WAV,False,false-positive,267.0,272.0
542,20220806_193000_R5.WAV,False,possum,289.0,294.0
543,20220806_194000_R0.WAV,True,possum,6.0,11.0
544,20220806_194000_R1.WAV,False,false-positive,11.0,16.0
545,20220806_194000_R2.WAV,False,possum,66.0,71.0
546,20220806_194000_R3.WAV,False,false-positive,105.0,110.0
547,20220806_194000_R4.WAV,False,false-positive,116.0,121.0
548,20220806_194000_R5.WAV,False,possum,131.0,136.0
549,20220806_194000_R6.WAV,False,false-positive,197.0,202.0
550,20220806_194000_R7.WAV,False,possum,242.0,247.0
551,20220806_194000_R8.WAV,True,false-positive,252.0,257.0
552,20220806_195000_R0.WAV,False,false-positive,95.0,100.0
553,20220806_195000_R1.WAV,False,possum,139.5,144.5
554,20220806_195000_R2.WAV,False,possum,176.0,181.0
555,20220806_200000_R0.WAV,True,possum,64.0,69.0
556,20220806_200000_R1.WAV,False,possum,166.5,171.5
557,20220806_200000_R2.WAV,False,possum,207.5,212.5
558,20220806_200000_R3.WAV,False,possum,265.5,270.5
559,20220806_200000_R4.WAV,False,possum,290.5,295.5
560,20220806_201000_R0.WAV,False,possum,87.0,92.0
561,20220806_201000_R1.WAV,False,possum,207.5,212.5
562,20220806_201000_R2.WAV,False,possum,233.5,238.5
563,20220806_201000_R3.WAV,False,possum,253.5,258.5
564,20220806_201000_R4.WAV,False,possum,285.5,290.5
565,20220806_202000_R0.WAV,False,possum,30.0,35.0
566,20220806_203000_R0.WAV,True,false-positive,18.0,23.0
567,20220806_203000_R1.WAV,False,false-positive,23.0,28.0
568,20220806_203000_R2.WAV,False,possum,26.0,31.0
569,20220806_203000_R3.WAV,True,false-positive,35.0,40.0
570,20220806_203000_R4.WAV,False,possum,57.0,62.0
571,20220806_203000_R5.WAV,False,possum,134.5,139.5
572,20220806_203000_R6.WAV,False,possum,183.5,188.5
573,20220806_204000_R0.WAV,False,possum,4.0,9.0
574,20220806_204000_R1.WAV,True,possum,27.0,32.0
575,20220806_204000_R2.WAV,True,false-positive,86.0,91.0
576,20220806_204000_R3.WAV,False,possum,142.0,147.0
577,20220806_204000_R4.WAV,False,possum,260.5,265.5
578,20220806_205000_R0.WAV,True,possum,37.0,42.0
579,20220806_205000_R1.WAV,False,possum,168.0,173.0
580,20220806_205000_R2.WAV,False,false-positive,188.0,193.0
581,20220806_205000_R3.WAV,False,false-positive,197.0,202.0
582,20220806_210000_R0.WAV,False,possum,67.5,72.5
583,20220806_210000_R1.WAV,False,possum,216.0,221.0
584,20220806_210000_R2.WAV,True,possum,246.5,251.5
585,20220806_210000_R3.WAV,False,false-positive,267.5,272.5
586,20220806_210000_R4.WAV,False,false-positive,273.0,278.0
587,20220806_210000_R5.WAV,False,false-positive,277.0,282.0
588,20220806_210000_R6.WAV,False,false-positive,284.0,289.0
589,20220806_210000_R7.WAV,False,possum,289.5,294.5
590,20220806_211000_R0.WAV,False,possum,10.5,15.5
591,20220806_211000_R1.WAV,False,possum,78.5,83.5
592,20220806_211000_R2.WAV,False,possum,237.0,242.0
593,20220806_211000_R3.WAV,True,possum,264.5,269.5
594,20220806_212000_R0.WAV,False,possum,13.5,18.5
595,20220806_212000_R1.WAV,False,possum,32.5,37.5
596,20220806_212000_R2.WAV,False,possum,80.0,85.0
597,20220806_212000_R3.WAV,False,possum,124.5,129.5
598,20220806_212000_R4.WAV,False,possum,160.0,165.0
599,20220806_212000_R5.WAV,False,possum,246.5,251.5
600,20220806_213000_R0.WAV,True,possum,17.5,22.5
601,20220806_213000_R1.WAV,False,false-positive,21.0,26.0
602,20220806_213000_R2.WAV,False,possum,87.0,92.0
603,20220806_213000_R3.WAV,True,possum,140.5,145.5
604,20220806_213000_R4.WAV,False,possum,159.0,164.0
605,20220806_213000_R5.WAV,True,possum,273.0,278.0
606,20220806_214000_R0.WAV,False,possum,4.5,9.5
607,20220806_214000_R1.WAV,False,possum,39.0,44.0
608,20220806_214000_R2.WAV,True,possum,138.5,143.5
609,20220806_214000_R3.WAV,False,false-positive,156.0,161.0
610,20220806_214000_R4.WAV,False,false-positive,238.0,243.0
611,20220806_214000_R5.WAV,False,possum,245.5,250.5
612,20220806_215000_R0.WAV,False,possum,1.0,6.0
613,20220806_215000_R1.WAV,False,possum,79.0,84.0
614,20220806_215000_R2.WAV,False,possum,129.0,134.0
615,20220806_215000_R3.WAV,False,false-positive,134.0,139.0
616,20220806_220000_R0.WAV,False,false-positive,2.0,7.0
617,20220806_220000_R1.WAV,False,false-positive,75.5,80.5
618,20220806_220000_R2.WAV,False,false-positive,78.0,83.0
619,20220806_220000_R3.WAV,False,possum,109.5,114.5
620,20220806_220000_R4.WAV,False,false-positive,220.0,225.0
621,20220806_221000_R0.WAV,True,possum,31.0,36.0
622,20220806_221000_R1.WAV,True,false-positive,38.0,43.0
623,20220806_221000_R2.WAV,True,possum,63.5,68.5
624,20220806_221000_R3.WAV,False,possum,97.0,102.0
625,20220806_221000_R4.WAV,True,false-positive,130.0,135.0
626,20220806_221000_R5.WAV,False,possum,160.5,165.5
627,20220806_222000_R0.WAV,False,possum,12.0,17.0
628,20220806_222000_R1.WAV,True,false-positive,124.0,129.0
629,20220806_222000_R2.WAV,False,possum,129.5,134.5
630,20220806_222000_R3.WAV,False,possum,163.5,168.5
631,20220806_222000_R4.WAV,False,false-positive,230.0,235.0
632,20220806_222000_R5.WAV,False,possum,249.5,254.5
633,20220806_222000_R6.WAV,False,false-positive,265.0,270.0
634,20220806_222000_R7.WAV,False,false-positive,273.0,278.0
635,20220806_223000_R0.WAV,True,false-positive,0.0,5.0
636,20220806_223000_R1.WAV,True,possum,29.0,34.0
637,20220806_223000_R2.WAV,True,possum,80.0,85.0
638,20220806_223000_R3.WAV,False,possum,132.5,137.5
639,20220806_223000_R4.WAV,False,false-positive,209.0,214.0
640,20220806_223000_R5.WAV,False,possum,270.0,275.0
641,20220806_223000_R6.WAV,False,false-positive,292.0,297.0
642,20220806_223000_R7.WAV,True,false-positive,295.0,300.0
643,20220806_224000_R0.WAV,False,possum,61.0,66.0
644,20220806_224000_R1.WAV,False,possum,189.0,194.0
645,20220806_224000_R2.WAV,True,possum,244.5,249.5
646,20220806_224000_R3.WAV,False,false-positive,252.0,257.0
647,20220806_224000_R4.WAV,False,possum,288.5,293.5
648,20220806_225000_R0.WAV,False,false-positive,36.0,41.0
649,20220806_225000_R1.WAV,False,false-positive,60.0,65.0
650,20220806_225000_R2.WAV,False,possum,66.0,71.0
651,20220806_225000_R3.WAV,False,possum,111.0,116.0
652,20220806_225000_R4.WAV,True,false-positive,167.5,172.5
653,20220806_225000_R5.WAV,False,false-positive,173.0,178.0
654,20220806_225000_R6.WAV,True,false-positive,177.0,182.0
655,20220806_230000_R0.WAV,True,possum,3.0,8.0
656,20220806_230000_R1.WAV,False,possum,24.5,29.5
657,20220806_230000_R2.WAV,False,possum,99.0,104.0
658,20220806_230000_R3.WAV,False,possum,156.5,161.5
659,20220806_230000_R4.WAV,True,false-positive,189.0,194.0
660,20220806_230000_R5.WAV,True,false-positive,201.0,206.0
661,20220806_230000_R6.WAV,False,false-positive,206.0,211.0
662,20220806_230000_R7.WAV,True,false-positive,211.0,216.0
663,20220806_230000_R8.WAV,False,possum,250.5,255.5
664,20220806_230000_R9.WAV,True,false-positive,256.0,261.0
665,20220806_230000_R10.WAV,False,false-positive,259.0,264.0
666,20220806_231000_R0.WAV,True,possum,91.5,96.5
667,20220806_232000_R0.WAV,True,possum,118.0,123.0
668,20220806_232000_R1.WAV,False,possum,164.5,169.5
669,20220806_232000_R2.WAV,False,possum,208.5,213.5
670,20220806_233000_R0.WAV,False,possum,258.0,263.0
671,20220806_233000_R1.WAV,False,false-positive,283.0,288.0
672,20220806_233000_R2.WAV,True,false-positive,286.0,291.0
673,20220806_235000_R0.WAV,False,possum,97.5,102.5
674,20220806_235000_R1.WAV,False,false-positive,104.0,109.0
675,20220806_235000_R2.WAV,False,possum,128.0,133.0
676,20220806_235000_R3.WAV,True,false-positive,149.0,154.0
677,20220806_235000_R4.WAV,False,possum,174.5,179.5
678,20220806_235000_R5.WAV,False,possum,281.5,286.5
679,20220806_235000_R6.WAV,False,false-positive,290.0,295.0
680,20220805_233000_R3.WAV,False,possum,108.70689655172414,113.70689655172414
681,20220807_001000_R0.WAV,True,possum,8.0,13.0
682,20220807_001000_R1.WAV,False,possum,85.0,90.0
683,20220807_001000_R2.WAV,False,possum,130.5,135.5
684,20220807_001000_R3.WAV,False,possum,161.0,166.0
685,20220807_001000_R4.WAV,False,false-positive,198.0,203.0
686,20220807_001000_R5.WAV,False,false-positive,210.0,215.0
687,20220807_001000_R6.WAV,False,false-positive,212.5,217.5
688,20220807_001000_R7.WAV,False,possum,241.5,246.5
689,20220807_001000_R8.WAV,True,possum,281.0,286.0
690,20220807_001000_R9.WAV,False,false-positive,284.0,289.0
691,20220807_002000_R0.WAV,False,possum,16.0,21.0
692,20220807_002000_R1.WAV,False,false-positive,50.0,55.0
693,20220807_002000_R2.WAV,False,possum,117.0,122.0
694,20220807_002000_R3.WAV,False,possum,280.5,285.5
695,20220807_003000_R0.WAV,False,possum,51.5,56.5
696,20220807_003000_R1.WAV,False,possum,73.0,78.0
697,20220807_003000_R2.WAV,False,possum,124.5,129.5
698,20220807_003000_R3.WAV,True,possum,159.5,164.5
699,20220807_003000_R4.WAV,False,false-positive,253.5,258.5
700,20220807_003000_R5.WAV,False,false-positive,261.0,266.0
701,20220807_003000_R6.WAV,False,false-positive,268.0,273.0
702,20220807_003000_R7.WAV,False,possum,278.5,283.5
703,20220807_004000_R0.WAV,True,possum,17.5,22.5
704,20220807_004000_R1.WAV,False,possum,53.5,58.5
705,20220807_004000_R2.WAV,True,possum,158.5,163.5
706,20220807_004000_R3.WAV,False,possum,205.5,210.5
707,20220807_004000_R4.WAV,False,possum,280.5,285.5
708,20220807_004000_R5.WAV,False,possum,288.0,293.0
709,20220807_004000_R6.WAV,False,possum,290.0,295.0
710,20220807_005000_R0.WAV,False,possum,3.5,8.5
711,20220807_005000_R1.WAV,True,possum,27.5,32.5
712,20220807_005000_R2.WAV,False,possum,125.0,130.0
713,20220807_005000_R3.WAV,False,false-positive,139.5,144.5
714,20220807_005000_R4.WAV,True,false-positive,207.0,212.0
715,20220807_005000_R5.WAV,False,false-positive,213.0,218.0
716,20220807_010000_R0.WAV,True,possum,111.5,116.5
717,20220807_010000_R1.WAV,False,possum,146.5,151.5
718,20220807_010000_R2.WAV,False,false-positive,157.0,162.0
719,20220807_010000_R3.WAV,False,possum,283.0,288.0
720,20220807_010000_R4.WAV,True,false-positive,291.0,296.0
721,20220807_011000_R0.WAV,True,false-positive,234.5,239.5
722,20220807_011000_R1.WAV,False,false-positive,237.0,242.0
723,20220807_011000_R2.WAV,False,false-positive,253.5,258.5
724,20220807_011000_R3.WAV,False,false-positive,256.0,261.0
725,20220807_011000_R4.WAV,False,false-positive,261.0,266.0
726,20220807_011000_R5.WAV,False,possum,274.5,279.5
727,20220807_011000_R6.WAV,False,possum,277.0,282.0
728,20220807_011000_R7.WAV,False,false-positive,283.5,288.5
729,20220807_012000_R0.WAV,False,possum,70.0,75.0
730,20220807_012000_R1.WAV,False,possum,118.0,123.0
731,20220807_012000_R2.WAV,True,possum,241.5,246.5
732,20220807_013000_R0.WAV,False,possum,45.0,50.0
733,20220807_013000_R1.WAV,False,false-positive,213.0,218.0
734,20220807_013000_R2.WAV,False,false-positive,215.0,220.0
735,20220807_013000_R3.WAV,False,false-positive,217.0,222.0
736,20220807_013000_R4.WAV,True,false-positive,224.5,229.5
737,20220807_013000_R5.WAV,False,possum,230.0,235.0
738,20220807_013000_R6.WAV,False,false-positive,236.0,241.0
739,20220807_013000_R7.WAV,False,false-positive,240.5,245.5
740,20220807_013000_R8.WAV,False,false-positive,243.0,248.0
741,20220807_013000_R9.WAV,False,false-positive,246.0,251.0
742,20220807_013000_R10.WAV,False,false-positive,248.5,253.5
743,20220807_013000_R11.WAV,True,false-positive,251.0,256.0
744,20220807_013000_R12.WAV,True,false-positive,253.0,258.0
745,20220807_013000_R13.WAV,False,false-positive,256.5,261.5
746,20220807_013000_R14.WAV,False,false-positive,260.0,265.0
747,20220807_013000_R15.WAV,False,false-positive,263.0,268.0
748,20220807_013000_R16.WAV,False,false-positive,269.0,274.0
749,20220807_013000_R17.WAV,False,false-positive,273.5,278.5
750,20220807_013000_R18.WAV,False,false-positive,278.0,283.0
751,20220807_013000_R19.WAV,False,false-positive,282.5,287.5
752,20220807_013000_R20.WAV,False,false-positive,290.0,295.0
753,20220807_013000_R21.WAV,False,possum,293.0,298.0
754,20220807_013000_R22.WAV,False,possum,295.0,300.0
755,20220807_015000_R0.WAV,False,possum,10.5,15.5
756,20220807_015000_R1.WAV,True,possum,147.5,152.5
757,20220807_015000_R2.WAV,True,possum,213.0,218.0
758,20220807_015000_R3.WAV,False,possum,241.0,246.0
759,20220807_015000_R4.WAV,False,possum,272.5,277.5
760,20220807_015000_R5.WAV,False,false-positive,279.0,284.0
761,20220807_020000_R0.WAV,False,possum,15.0,20.0
762,20220807_020000_R1.WAV,False,possum,93.5,98.5
763,20220807_020000_R2.WAV,False,possum,178.5,183.5
764,20220807_020000_R3.WAV,True,false-positive,183.0,188.0
765,20220807_020000_R4.WAV,False,false-positive,196.0,201.0
766,20220807_020000_R5.WAV,False,false-positive,212.0,217.0
767,20220807_020000_R6.WAV,False,false-positive,219.0,224.0
768,20220807_020000_R7.WAV,True,possum,224.0,229.0
769,20220807_020000_R8.WAV,False,possum,227.0,232.0
770,20220807_020000_R9.WAV,False,false-positive,229.0,234.0
771,20220807_020000_R10.WAV,False,false-positive,242.5,247.5
772,20220807_020000_R11.WAV,False,false-positive,262.0,267.0
773,20220807_020000_R12.WAV,False,false-positive,274.0,279.0
774,20220807_020000_R13.WAV,False,false-positive,281.0,286.0
775,20220807_021000_R0.WAV,False,false-positive,5.0,10.0
776,20220807_021000_R1.WAV,False,false-positive,15.0,20.0
777,20220807_021000_R2.WAV,False,possum,26.5,31.5
778,20220807_021000_R3.WAV,False,possum,222.5,227.5
779,20220807_021000_R4.WAV,True,possum,283.5,288.5
780,20220807_022000_R0.WAV,False,possum,0.0,5.0
781,20220807_022000_R1.WAV,False,possum,121.5,126.5
782,20220807_022000_R2.WAV,False,possum,289.5,294.5
783,20220807_023000_R0.WAV,True,possum,36.0,41.0
784,20220807_023000_R1.WAV,False,false-positive,230.0,235.0
785,20220807_023000_R2.WAV,False,false-positive,247.0,252.0
786,20220807_023000_R3.WAV,False,false-positive,258.5,263.5
787,20220807_023000_R4.WAV,False,possum,272.5,277.5
788,20220807_023000_R5.WAV,False,possum,287.0,292.0
789,20220807_024000_R0.WAV,False,possum,132.0,137.0
790,20220807_024000_R1.WAV,False,false-positive,155.5,160.5
791,20220807_024000_R2.WAV,False,false-positive,166.0,171.0
792,20220807_025000_R0.WAV,True,possum,174.5,179.5
793,20220807_030000_R0.WAV,False,possum,47.5,52.5
794,20220807_030000_R1.WAV,False,possum,164.0,169.0
795,20220807_030000_R2.WAV,False,possum,199.0,204.0
796,20220807_030000_R3.WAV,True,possum,269.0,274.0
797,20220807_030000_R4.WAV,False,false-positive,292.0,297.0
798,20220807_031000_R0.WAV,False,false-positive,16.0,21.0
799,20220807_031000_R1.WAV,False,false-positive,29.0,34.0
800,20220807_031000_R2.WAV,False,false-positive,36.0,41.0
801,20220807_031000_R3.WAV,False,false-positive,43.0,48.0
802,20220807_031000_R4.WAV,True,false-positive,46.0,51.0
803,20220807_031000_R5.WAV,False,false-positive,57.5,62.5
804,20220807_031000_R6.WAV,False,false-positive,67.5,72.5
805,20220807_031000_R7.WAV,False,possum,139.5,144.5
806,20220807_031000_R8.WAV,True,false-positive,185.0,190.0
807,20220807_031000_R9.WAV,True,false-positive,199.0,204.0
808,20220807_031000_R10.WAV,False,possum,212.5,217.5
809,20220807_032000_R0.WAV,False,possum,24.5,29.5
810,20220807_032000_R1.WAV,False,possum,80.0,85.0
811,20220807_032000_R2.WAV,False,false-positive,176.0,181.0
812,20220807_032000_R3.WAV,False,false-positive,179.0,184.0
813,20220807_032000_R4.WAV,False,false-positive,189.0,194.0
814,20220807_032000_R5.WAV,False,possum,196.5,201.5
815,20220807_034000_R0.WAV,False,possum,38.5,43.5
816,20220807_034000_R1.WAV,True,possum,74.5,79.5
817,20220807_034000_R2.WAV,False,possum,150.5,155.5
818,20220807_034000_R3.WAV,False,possum,291.5,296.5
819,20220807_035000_R0.WAV,False,possum,16.5,21.5
820,20220807_035000_R1.WAV,False,possum,100.5,105.5
821,20220807_035000_R2.WAV,False,false-positive,115.0,120.0
822,20220807_035000_R3.WAV,False,possum,126.5,131.5
823,20220807_035000_R4.WAV,False,false-positive,148.0,153.0
824,20220807_035000_R5.WAV,False,false-positive,151.0,156.0
825,20220807_035000_R6.WAV,False,possum,204.0,209.0
826,20220807_035000_R7.WAV,False,possum,231.5,236.5
827,20220807_040000_R0.WAV,False,possum,14.5,19.5
828,20220807_040000_R1.WAV,True,possum,63.0,68.0
829,20220807_040000_R2.WAV,False,possum,118.0,123.0
830,20220807_040000_R3.WAV,False,false-positive,122.0,127.0
831,20220807_040000_R4.WAV,False,false-positive,125.0,130.0
832,20220807_040000_R5.WAV,False,false-positive,127.5,132.5
833,20220807_040000_R6.WAV,False,possum,132.0,137.0
834,20220807_040000_R7.WAV,False,possum,136.5,141.5
835,20220807_040000_R8.WAV,False,possum,185.0,190.0
836,20220807_040000_R9.WAV,True,possum,244.5,249.5
837,20220807_041000_R0.WAV,False,possum,106.5,111.5
838,20220807_041000_R1.WAV,False,possum,140.0,145.0
839,20220807_041000_R2.WAV,False,false-positive,213.0,218.0
840,20220807_041000_R3.WAV,False,possum,237.0,242.0
841,20220807_041000_R4.WAV,False,possum,284.5,289.5
842,20220807_043000_R0.WAV,True,possum,47.5,52.5
843,20220807_043000_R1.WAV,False,possum,62.0,67.0
844,20220807_043000_R2.WAV,False,possum,119.5,124.5
845,20220807_043000_R3.WAV,True,possum,122.0,127.0
846,20220807_043000_R4.WAV,False,possum,218.5,223.5
847,20220807_044000_R0.WAV,False,possum,36.5,41.5
848,20220807_044000_R1.WAV,False,possum,54.0,59.0
849,20220807_044000_R2.WAV,False,possum,63.0,68.0
850,20220807_044000_R3.WAV,True,possum,205.5,210.5
851,20220807_044000_R4.WAV,False,possum,231.5,236.5
852,20220807_044000_R5.WAV,True,possum,271.5,276.5
853,20220807_045000_R0.WAV,False,possum,20.0,25.0
854,20220807_045000_R1.WAV,False,possum,40.5,45.5
855,20220807_045000_R2.WAV,False,possum,86.5,91.5
856,20220807_045000_R3.WAV,True,false-positive,146.5,151.5
857,20220807_045000_R4.WAV,True,false-positive,202.0,207.0
858,20220807_045000_R5.WAV,True,false-positive,266.0,271.0
859,20220807_050000_R0.WAV,False,possum,27.0,32.0
860,20220807_050000_R1.WAV,False,possum,124.0,129.0
861,20220807_050000_R2.WAV,False,possum,176.5,181.5
862,20220807_050000_R3.WAV,False,false-positive,264.5,269.5
863,20220807_050000_R4.WAV,False,possum,289.5,294.5
864,20220807_050000_R5.WAV,False,false-positive,294.0,299.0
865,20220807_051000_R0.WAV,False,possum,3.0,8.0
866,20220807_051000_R1.WAV,False,false-positive,69.5,74.5
867,20220807_051000_R2.WAV,False,possum,90.0,95.0
868,20220807_051000_R3.WAV,False,false-positive,103.0,108.0
869,20220807_051000_R4.WAV,False,possum,284.5,289.5
870,20220807_055000_R0.WAV,False,false-positive,39.0,44.0
871,20220807_055000_R1.WAV,True,possum,92.5,97.5
872,20220807_055000_R2.WAV,False,false-positive,172.0,177.0
873,20220807_184000_R0.WAV,False,false-positive,17.0,22.0
874,20220807_184000_R1.WAV,False,false-positive,20.0,25.0
875,20220807_184000_R2.WAV,True,possum,22.0,27.0
876,20220807_184000_R3.WAV,False,possum,25.0,30.0
877,20220807_184000_R4.WAV,True,false-positive,44.0,49.0
878,20220807_184000_R5.WAV,False,false-positive,90.0,95.0
879,20220807_184000_R6.WAV,False,false-positive,92.0,97.0
880,20220807_184000_R7.WAV,False,false-positive,162.0,167.0
881,20220807_184000_R8.WAV,False,false-positive,192.5,197.5
882,20220807_184000_R9.WAV,True,false-positive,209.0,214.0
883,20220807_184000_R10.WAV,False,false-positive,251.0,256.0
884,20220807_184000_R11.WAV,False,false-positive,257.0,262.0
885,20220807_184000_R12.WAV,True,possum,266.0,271.0
886,20220807_184000_R13.WAV,False,false-positive,291.0,296.0
887,20220807_185000_R0.WAV,False,false-positive,33.0,38.0
888,20220807_185000_R1.WAV,False,false-positive,70.0,75.0
889,20220807_185000_R2.WAV,False,false-positive,75.0,80.0
890,20220807_185000_R3.WAV,False,possum,101.0,106.0
891,20220807_185000_R4.WAV,False,false-positive,111.0,116.0
892,20220807_185000_R5.WAV,False,false-positive,118.0,123.0
893,20220807_185000_R6.WAV,False,false-positive,133.0,138.0
894,20220807_185000_R7.WAV,False,possum,137.0,142.0
895,20220807_185000_R8.WAV,False,false-positive,161.0,166.0
896,20220807_185000_R9.WAV,True,false-positive,163.0,168.0
897,20220807_185000_R10.WAV,False,false-positive,226.0,231.0
898,20220807_185000_R11.WAV,True,false-positive,229.0,234.0
899,20220807_185000_R12.WAV,False,false-positive,231.5,236.5
900,20220807_185000_R13.WAV,False,false-positive,247.0,252.0
901,20220807_185000_R14.WAV,False,false-positive,251.0,256.0
902,20220807_185000_R15.WAV,False,false-positive,262.0,267.0
903,20220807_185000_R16.WAV,False,false-positive,266.0,271.0
904,20220807_185000_R17.WAV,False,false-positive,268.0,273.0
905,20220807_185000_R18.WAV,False,possum,288.5,293.5
906,20220807_185000_R19.WAV,False,possum,291.0,296.0
907,20220807_190000_R0.WAV,False,false-positive,0.0,5.0
908,20220807_190000_R1.WAV,False,false-positive,35.0,40.0
909,20220807_190000_R2.WAV,True,false-positive,41.0,46.0
910,20220807_190000_R3.WAV,False,false-positive,48.0,53.0
911,20220807_190000_R4.WAV,False,false-positive,68.0,73.0
912,20220807_190000_R5.WAV,False,false-positive,88.0,93.0
913,20220807_190000_R6.WAV,False,false-positive,102.0,107.0
914,20220807_190000_R7.WAV,True,possum,105.5,110.5
915,20220807_190000_R8.WAV,False,false-positive,119.0,124.0
916,20220807_190000_R9.WAV,False,false-positive,123.0,128.0
917,20220807_190000_R10.WAV,False,false-positive,128.0,133.0
918,20220807_190000_R11.WAV,False,false-positive,131.0,136.0
919,20220807_190000_R12.WAV,False,false-positive,152.0,157.0
920,20220807_190000_R13.WAV,False,possum,179.0,184.0
921,20220807_190000_R14.WAV,False,possum,181.0,186.0
922,20220807_190000_R15.WAV,False,false-positive,187.0,192.0
923,20220807_190000_R16.WAV,False,false-positive,191.0,196.0
924,20220807_190000_R17.WAV,False,false-positive,210.0,215.0
925,20220807_190000_R18.WAV,False,false-positive,245.0,250.0
926,20220807_190000_R19.WAV,False,false-positive,288.0,293.0
927,20220807_190000_R20.WAV,False,possum,291.0,296.0
928,20220807_192000_R0.WAV,False,false-positive,36.0,41.0
929,20220807_192000_R1.WAV,False,false-positive,51.0,56.0
930,20220807_192000_R2.WAV,False,false-positive,65.5,70.5
931,20220807_192000_R3.WAV,True,possum,75.0,80.0
932,20220807_192000_R4.WAV,False,false-positive,81.0,86.0
933,20220807_192000_R5.WAV,False,false-positive,83.0,88.0
934,20220807_192000_R6.WAV,False,false-positive,88.0,93.0
935,20220807_192000_R7.WAV,False,false-positive,125.0,130.0
936,20220807_192000_R8.WAV,False,false-positive,130.0,135.0
937,20220807_192000_R9.WAV,False,possum,157.0,162.0
938,20220807_192000_R10.WAV,False,possum,281.5,286.5
939,20220807_192000_R11.WAV,False,false-positive,287.0,292.0
940,20220807_193000_R0.WAV,False,false-positive,18.0,23.0
941,20220807_193000_R1.WAV,False,false-positive,33.0,38.0
942,20220807_193000_R2.WAV,True,false-positive,35.0,40.0
943,20220807_193000_R3.WAV,False,false-positive,120.0,125.0
944,20220807_193000_R4.WAV,False,false-positive,128.0,133.0
945,20220807_193000_R5.WAV,False,false-positive,168.0,173.0
946,20220807_193000_R6.WAV,False,false-positive,171.0,176.0
947,20220807_193000_R7.WAV,False,possum,183.5,188.5
948,20220807_193000_R8.WAV,False,false-positive,206.0,211.0
949,20220807_193000_R9.WAV,False,false-positive,208.0,213.0
950,20220807_193000_R10.WAV,False,false-positive,212.0,217.0
951,20220807_193000_R11.WAV,False,false-positive,216.0,221.0
952,20220807_193000_R12.WAV,False,false-positive,222.0,227.0
953,20220807_193000_R13.WAV,False,possum,251.0,256.0
954,20220807_193000_R14.WAV,False,false-positive,275.0,280.0
955,20220807_193000_R15.WAV,False,false-positive,278.0,283.0
956,20220807_193000_R16.WAV,True,false-positive,280.0,285.0
957,20220807_193000_R17.WAV,False,possum,291.0,296.0
958,20220807_194000_R0.WAV,False,possum,5.5,10.5
959,20220807_194000_R1.WAV,False,possum,8.0,13.0
960,20220807_194000_R2.WAV,False,false-positive,11.0,16.0
961,20220807_194000_R3.WAV,False,false-positive,13.0,18.0
962,20220807_194000_R4.WAV,False,false-positive,16.0,21.0
963,20220807_194000_R5.WAV,True,false-positive,22.0,27.0
964,20220807_194000_R6.WAV,True,false-positive,25.5,30.5
965,20220807_194000_R7.WAV,False,false-positive,34.5,39.5
966,20220807_194000_R8.WAV,True,false-positive,39.0,44.0
967,20220807_194000_R9.WAV,False,false-positive,44.0,49.0
968,20220807_194000_R10.WAV,True,false-positive,53.0,58.0
969,20220807_194000_R11.WAV,False,false-positive,156.0,161.0
970,20220807_194000_R12.WAV,False,false-positive,165.0,170.0
971,20220807_194000_R13.WAV,True,possum,168.5,173.5
972,20220807_194000_R14.WAV,False,false-positive,262.0,267.0
973,20220807_194000_R15.WAV,True,possum,285.0,290.0
974,20220807_195000_R0.WAV,True,false-positive,3.0,8.0
975,20220807_195000_R1.WAV,False,false-positive,5.0,10.0
976,20220807_195000_R2.WAV,False,false-positive,7.0,12.0
977,20220807_195000_R3.WAV,False,false-positive,10.0,15.0
978,20220807_195000_R4.WAV,False,false-positive,22.0,27.0
979,20220807_195000_R5.WAV,False,false-positive,27.0,32.0
980,20220807_195000_R6.WAV,False,false-positive,29.0,34.0
981,20220807_195000_R7.WAV,False,false-positive,37.0,42.0
982,20220807_195000_R8.WAV,False,false-positive,49.0,54.0
983,20220807_195000_R9.WAV,True,false-positive,62.0,67.0
984,20220807_195000_R10.WAV,False,false-positive,73.0,78.0
985,20220807_195000_R11.WAV,False,false-positive,82.0,87.0
986,20220807_195000_R12.WAV,False,false-positive,84.0,89.0
987,20220807_195000_R13.WAV,False,false-positive,88.0,93.0
988,20220807_195000_R14.WAV,False,false-positive,156.0,161.0
989,20220807_195000_R15.WAV,False,possum,160.5,165.5
990,20220807_195000_R16.WAV,False,false-positive,172.0,177.0
991,20220807_195000_R17.WAV,False,false-positive,182.0,187.0
992,20220807_195000_R18.WAV,False,false-positive,227.0,232.0
993,20220807_195000_R19.WAV,False,false-positive,248.0,253.0
994,20220807_195000_R20.WAV,False,false-positive,285.0,290.0
995,20220807_195000_R21.WAV,True,false-positive,288.0,293.0
996,20220807_195000_R22.WAV,False,possum,292.0,297.0
997,20220807_201000_R0.WAV,False,possum,20.5,25.5
998,20220807_201000_R1.WAV,False,false-positive,102.0,107.0
999,20220807_201000_R2.WAV,True,false-positive,113.0,118.0
1000,20220807_201000_R3.WAV,False,false-positive,126.0,131.0
1001,20220807_201000_R4.WAV,False,false-positive,142.0,147.0
1002,20220807_201000_R5.WAV,False,false-positive,152.0,157.0
1003,20220807_201000_R6.WAV,False,false-positive,162.0,167.0
1004,20220807_201000_R7.WAV,False,false-positive,165.5,170.5
1005,20220807_201000_R8.WAV,False,false-positive,171.0,176.0
1006,20220807_201000_R9.WAV,False,false-positive,173.0,178.0
1007,20220807_201000_R10.WAV,False,false-positive,179.5,184.5
1008,20220807_201000_R11.WAV,False,false-positive,183.0,188.0
1009,20220807_201000_R12.WAV,False,possum,197.0,202.0
1010,20220807_201000_R13.WAV,True,false-positive,213.0,218.0
1011,20220807_201000_R14.WAV,False,possum,218.5,223.5
1012,20220807_201000_R15.WAV,False,false-positive,222.0,227.0
1013,20220807_201000_R16.WAV,False,possum,249.0,254.0
1014,20220807_201000_R17.WAV,True,possum,285.5,290.5
1015,20220807_202000_R0.WAV,False,possum,15.0,20.0
1016,20220807_202000_R1.WAV,True,false-positive,21.0,26.0
1017,20220807_202000_R2.WAV,False,false-positive,26.5,31.5
1018,20220807_202000_R3.WAV,False,false-positive,92.0,97.0
1019,20220807_202000_R4.WAV,False,possum,106.5,111.5
1020,20220807_202000_R5.WAV,False,false-positive,153.0,158.0
1021,20220807_202000_R6.WAV,False,false-positive,158.0,163.0
1022,20220807_202000_R7.WAV,False,false-positive,160.0,165.0
1023,20220807_202000_R8.WAV,False,false-positive,204.0,209.0
1024,20220807_202000_R9.WAV,False,possum,212.0,217.0
1025,20220807_202000_R10.WAV,False,false-positive,281.0,286.0
1026,20220807_203000_R0.WAV,False,false-positive,2.0,7.0
1027,20220807_203000_R1.WAV,False,false-positive,5.5,10.5
1028,20220807_203000_R2.WAV,False,false-positive,10.0,15.0
1029,20220807_203000_R3.WAV,False,false-positive,31.0,36.0
1030,20220807_203000_R4.WAV,False,possum,75.5,80.5
1031,20220807_203000_R5.WAV,False,possum,79.0,84.0
1032,20220807_203000_R6.WAV,False,false-positive,81.0,86.0
1033,20220807_203000_R7.WAV,False,false-positive,89.0,94.0
1034,20220807_203000_R8.WAV,False,false-positive,98.0,103.0
1035,20220807_203000_R9.WAV,False,false-positive,105.0,110.0
1036,20220807_203000_R10.WAV,False,false-positive,110.0,115.0
1037,20220807_203000_R11.WAV,False,false-positive,113.0,118.0
1038,20220807_203000_R12.WAV,False,false-positive,121.0,126.0
1039,20220807_203000_R13.WAV,False,false-positive,186.0,191.0
1040,20220807_203000_R14.WAV,True,false-positive,214.0,219.0
1041,20220807_203000_R15.WAV,False,false-positive,234.5,239.5
1042,20220807_203000_R16.WAV,False,false-positive,239.5,244.5
1043,20220807_203000_R17.WAV,False,false-positive,245.0,250.0
1044,20220807_203000_R18.WAV,False,false-positive,247.0,252.0
1045,20220807_203000_R19.WAV,False,false-positive,253.0,258.0
1046,20220807_203000_R20.WAV,False,false-positive,257.5,262.5
1047,20220807_203000_R21.WAV,False,false-positive,261.0,266.0
1048,20220807_203000_R22.WAV,False,false-positive,268.0,273.0
1049,20220807_203000_R23.WAV,False,false-positive,275.0,280.0
1050,20220807_203000_R24.WAV,False,false-positive,277.0,282.0
1051,20220807_203000_R25.WAV,False,false-positive,285.0,290.0
1052,20220807_203000_R26.WAV,False,false-positive,295.0,300.0
1053,20220807_204000_R0.WAV,False,false-positive,0.0,5.0
1054,20220807_204000_R1.WAV,True,false-positive,12.0,17.0
1055,20220807_204000_R2.WAV,False,false-positive,15.0,20.0
1056,20220807_204000_R3.WAV,False,false-positive,19.0,24.0
1057,20220807_204000_R4.WAV,False,possum,29.0,34.0
1058,20220807_204000_R5.WAV,False,false-positive,35.0,40.0
1059,20220807_204000_R6.WAV,False,false-positive,43.0,48.0
1060,20220807_204000_R7.WAV,False,false-positive,48.0,53.0
1061,20220807_204000_R8.WAV,False,false-positive,51.0,56.0
1062,20220807_204000_R9.WAV,False,possum,63.5,68.5
1063,20220807_204000_R10.WAV,False,false-positive,88.0,93.0
1064,20220807_204000_R11.WAV,False,false-positive,94.0,99.0
1065,20220807_204000_R12.WAV,False,false-positive,104.0,109.0
1066,20220807_204000_R13.WAV,False,false-positive,107.0,112.0
1067,20220807_204000_R14.WAV,True,false-positive,116.0,121.0
1068,20220807_204000_R15.WAV,False,false-positive,155.0,160.0
1069,20220807_204000_R16.WAV,False,false-positive,197.0,202.0
1070,20220807_204000_R17.WAV,False,false-positive,219.0,224.0
1071,20220807_204000_R18.WAV,True,possum,256.5,261.5
1072,20220807_205000_R0.WAV,False,false-positive,6.0,11.0
1073,20220807_205000_R1.WAV,True,false-positive,41.0,46.0
1074,20220807_205000_R2.WAV,True,false-positive,105.5,110.5
1075,20220807_205000_R3.WAV,False,false-positive,109.0,114.0
1076,20220807_205000_R4.WAV,True,possum,149.5,154.5
1077,20220807_205000_R5.WAV,False,false-positive,155.5,160.5
1078,20220807_205000_R6.WAV,False,false-positive,161.0,166.0
1079,20220807_205000_R7.WAV,False,false-positive,163.0,168.0
1080,20220807_205000_R8.WAV,False,false-positive,180.0,185.0
1081,20220807_205000_R9.WAV,False,false-positive,182.0,187.0
1082,20220807_205000_R10.WAV,False,false-positive,195.0,200.0
1083,20220807_205000_R11.WAV,True,false-positive,212.0,217.0
1084,20220807_205000_R12.WAV,False,false-positive,225.5,230.5
1085,20220807_205000_R13.WAV,False,false-positive,230.0,235.0
1086,20220807_205000_R14.WAV,False,false-positive,238.0,243.0
1087,20220807_205000_R15.WAV,False,false-positive,252.0,257.0
1088,20220807_205000_R16.WAV,False,false-positive,285.0,290.0
1089,20220807_210000_R0.WAV,False,false-positive,0.0,5.0
1090,20220807_210000_R1.WAV,False,false-positive,26.0,31.0
1091,20220807_210000_R2.WAV,False,false-positive,32.0,37.0
1092,20220807_210000_R3.WAV,False,false-positive,58.0,63.0
1093,20220807_210000_R4.WAV,False,false-positive,65.0,70.0
1094,20220807_210000_R5.WAV,False,false-positive,81.0,86.0
1095,20220807_210000_R6.WAV,False,possum,96.0,101.0
1096,20220807_210000_R7.WAV,False,false-positive,101.0,106.0
1097,20220807_210000_R8.WAV,False,false-positive,114.0,119.0
1098,20220807_210000_R9.WAV,False,false-positive,127.0,132.0
1099,20220807_210000_R10.WAV,False,false-positive,172.0,177.0
1100,20220807_210000_R11.WAV,False,false-positive,207.0,212.0
1101,20220807_210000_R12.WAV,False,possum,244.0,249.0
1102,20220807_210000_R13.WAV,False,false-positive,268.0,273.0
1103,20220807_210000_R14.WAV,False,false-positive,275.0,280.0
1104,20220807_210000_R15.WAV,False,false-positive,281.0,286.0
1105,20220807_211000_R0.WAV,False,false-positive,0.0,5.0
1106,20220807_211000_R1.WAV,False,false-positive,5.5,10.5
1107,20220807_211000_R2.WAV,False,false-positive,60.0,65.0
1108,20220807_211000_R3.WAV,False,false-positive,77.0,82.0
1109,20220807_211000_R4.WAV,False,possum,80.5,85.5
1110,20220807_211000_R5.WAV,False,possum,153.0,158.0
1111,20220807_211000_R6.WAV,False,false-positive,161.0,166.0
1112,20220807_211000_R7.WAV,False,false-positive,163.0,168.0
1113,20220807_211000_R8.WAV,False,false-positive,175.0,180.0
1114,20220807_211000_R9.WAV,False,false-positive,177.0,182.0
1115,20220807_211000_R10.WAV,False,false-positive,185.0,190.0
1116,20220807_211000_R11.WAV,False,possum,202.0,207.0
1117,20220807_211000_R12.WAV,False,false-positive,222.0,227.0
1118,20220807_211000_R13.WAV,False,false-positive,225.0,230.0
1119,20220807_211000_R14.WAV,False,false-positive,227.0,232.0
1120,20220807_211000_R15.WAV,True,false-positive,245.5,250.5
1121,20220807_211000_R16.WAV,False,possum,263.0,268.0
1122,20220807_211000_R17.WAV,False,false-positive,278.0,283.0
1123,20220807_211000_R18.WAV,False,false-positive,282.0,287.0
1124,20220807_213000_R0.WAV,False,false-positive,57.0,62.0
1125,20220807_213000_R1.WAV,False,false-positive,59.0,64.0
1126,20220807_213000_R2.WAV,False,possum,98.5,103.5
1127,20220807_213000_R3.WAV,True,false-positive,172.0,177.0
1128,20220807_213000_R4.WAV,False,false-positive,240.0,245.0
1129,20220807_213000_R5.WAV,False,possum,252.0,257.0
1130,20220807_214000_R0.WAV,False,possum,0.0,5.0
1131,20220807_214000_R1.WAV,False,possum,19.0,24.0
1132,20220807_214000_R2.WAV,False,false-positive,100.0,105.0
1133,20220807_214000_R3.WAV,True,possum,113.0,118.0
1134,20220807_214000_R4.WAV,False,possum,148.5,153.5
1135,20220807_214000_R5.WAV,False,possum,177.5,182.5
1136,20220807_214000_R6.WAV,False,false-positive,251.0,256.0
1137,20220807_214000_R7.WAV,False,false-positive,260.0,265.0
1138,20220807_214000_R8.WAV,True,false-positive,279.0,284.0
1139,20220807_214000_R9.WAV,False,possum,290.0,295.0
1140,20220807_215000_R0.WAV,False,possum,6.5,11.5
1141,20220807_215000_R1.WAV,False,false-positive,15.0,20.0
1142,20220807_215000_R2.WAV,False,false-positive,27.0,32.0
1143,20220807_215000_R3.WAV,False,possum,47.0,52.0
1144,20220807_215000_R4.WAV,False,possum,69.0,74.0
1145,20220807_215000_R5.WAV,False,false-positive,96.0,101.0
1146,20220807_215000_R6.WAV,False,possum,188.0,193.0
1147,20220807_215000_R7.WAV,False,false-positive,256.0,261.0
1148,20220807_215000_R8.WAV,False,false-positive,258.0,263.0
1149,20220807_220000_R0.WAV,False,possum,6.0,11.0
1150,20220807_220000_R1.WAV,False,possum,78.5,83.5
1151,20220807_220000_R2.WAV,False,false-positive,94.0,99.0
1152,20220807_220000_R3.WAV,False,possum,129.5,134.5
1153,20220807_220000_R4.WAV,False,possum,174.5,179.5
1154,20220807_220000_R5.WAV,False,possum,213.5,218.5
1155,20220807_221000_R0.WAV,False,possum,24.5,29.5
1156,20220807_221000_R1.WAV,False,false-positive,106.0,111.0
1157,20220807_221000_R2.WAV,False,possum,116.5,121.5
1158,20220807_221000_R3.WAV,True,false-positive,157.5,162.5
1159,20220807_221000_R4.WAV,False,possum,194.0,199.0
1160,20220807_221000_R5.WAV,False,possum,246.0,251.0
1161,20220807_222000_R0.WAV,False,possum,6.5,11.5
1162,20220807_222000_R1.WAV,False,false-positive,11.5,16.5
1163,20220807_222000_R2.WAV,False,possum,172.5,177.5
1164,20220807_222000_R3.WAV,False,possum,207.0,212.0
1165,20220807_222000_R4.WAV,True,false-positive,263.0,268.0
1166,20220807_222000_R5.WAV,False,possum,274.0,279.0
1167,20220807_222000_R6.WAV,False,false-positive,291.0,296.0
1168,20220807_223000_R0.WAV,False,possum,40.0,45.0
1169,20220807_223000_R1.WAV,False,false-positive,51.0,56.0
1170,20220807_223000_R2.WAV,False,possum,105.0,110.0
1171,20220807_223000_R3.WAV,True,possum,126.0,131.0
1172,20220807_223000_R4.WAV,False,false-positive,149.5,154.5
1173,20220807_223000_R5.WAV,False,false-positive,152.0,157.0
1174,20220807_223000_R6.WAV,False,false-positive,163.5,168.5
1175,20220807_223000_R7.WAV,False,possum,178.0,183.0
1176,20220807_223000_R8.WAV,False,possum,225.5,230.5
1177,20220807_224000_R0.WAV,False,false-positive,84.0,89.0
1178,20220807_224000_R1.WAV,True,possum,106.5,111.5
1179,20220807_224000_R2.WAV,False,false-positive,116.0,121.0
1180,20220807_224000_R3.WAV,False,possum,193.5,198.5
1181,20220807_224000_R4.WAV,False,false-positive,249.0,254.0
1182,20220807_225000_R0.WAV,False,false-positive,26.0,31.0
1183,20220807_225000_R1.WAV,False,possum,45.5,50.5
1184,20220807_225000_R2.WAV,False,false-positive,96.0,101.0
1185,20220807_225000_R3.WAV,False,false-positive,102.0,107.0
1186,20220807_225000_R4.WAV,False,false-positive,122.0,127.0
1187,20220807_225000_R5.WAV,False,false-positive,124.0,129.0
1188,20220807_225000_R6.WAV,False,possum,135.5,140.5
1189,20220807_225000_R7.WAV,False,false-positive,189.0,194.0
1190,20220807_225000_R8.WAV,False,false-positive,286.0,291.0
1191,20220807_225000_R9.WAV,False,false-positive,291.0,296.0
1192,20220807_225000_R10.WAV,False,false-positive,294.0,299.0
1193,20220807_230000_R0.WAV,False,false-positive,91.0,96.0
1194,20220807_230000_R1.WAV,False,false-positive,98.0,103.0
1195,20220807_230000_R2.WAV,True,false-positive,108.5,113.5
1196,20220807_230000_R3.WAV,False,false-positive,113.0,118.0
1197,20220807_230000_R4.WAV,False,false-positive,118.0,123.0
1198,20220807_230000_R5.WAV,False,false-positive,121.0,126.0
1199,20220807_230000_R6.WAV,False,false-positive,124.0,129.0
1200,20220807_230000_R7.WAV,False,false-positive,127.0,132.0
1201,20220807_230000_R8.WAV,False,false-positive,133.0,138.0
1202,20220807_230000_R9.WAV,False,false-positive,136.0,141.0
1203,20220807_230000_R10.WAV,True,false-positive,141.5,146.5
1204,20220807_230000_R11.WAV,False,false-positive,144.5,149.5
1205,20220807_230000_R12.WAV,False,false-positive,148.0,153.0
1206,20220807_230000_R13.WAV,False,false-positive,150.0,155.0
1207,20220807_230000_R14.WAV,True,false-positive,156.0,161.0
1208,20220807_230000_R15.WAV,False,false-positive,159.0,164.0
1209,20220807_230000_R16.WAV,False,false-positive,163.0,168.0
1210,20220807_230000_R17.WAV,False,false-positive,242.0,247.0
1211,20220807_230000_R18.WAV,False,false-positive,274.0,279.0
1212,20220807_230000_R19.WAV,False,false-positive,278.0,283.0
1213,20220807_231000_R0.WAV,False,false-positive,20.0,25.0
1214,20220807_231000_R1.WAV,False,false-positive,83.0,88.0
1215,20220807_231000_R2.WAV,False,possum,121.5,126.5
1216,20220807_231000_R3.WAV,False,possum,219.5,224.5
1217,20220807_232000_R0.WAV,False,possum,4.5,9.5
1218,20220807_232000_R1.WAV,False,possum,79.5,84.5
1219,20220807_232000_R2.WAV,False,possum,119.5,124.5
1220,20220807_232000_R3.WAV,False,possum,136.5,141.5
1221,20220807_232000_R4.WAV,False,possum,262.5,267.5
1222,20220807_232000_R5.WAV,False,possum,288.5,293.5
1223,20220807_233000_R0.WAV,False,possum,5.0,10.0
1224,20220807_233000_R1.WAV,False,possum,113.5,118.5
1225,20220807_233000_R2.WAV,False,false-positive,172.5,177.5
1226,20220807_234000_R0.WAV,False,false-positive,11.0,16.0
1227,20220807_234000_R1.WAV,False,possum,32.0,37.0
1228,20220807_234000_R2.WAV,False,possum,74.0,79.0
1229,20220807_234000_R3.WAV,False,possum,170.5,175.5
1230,20220807_234000_R4.WAV,False,false-positive,229.0,234.0
1231,20220807_234000_R5.WAV,True,false-positive,238.5,243.5
1232,20220807_234000_R6.WAV,False,false-positive,241.0,246.0
1233,20220807_234000_R7.WAV,True,false-positive,243.0,248.0
1234,20220807_234000_R8.WAV,False,false-positive,249.0,254.0
1235,20220807_234000_R9.WAV,False,false-positive,252.0,257.0
1236,20220807_234000_R10.WAV,False,false-positive,258.5,263.5
1237,20220807_234000_R11.WAV,False,false-positive,262.5,267.5
1238,20220807_234000_R12.WAV,False,false-positive,266.0,271.0
1239,20220807_234000_R13.WAV,False,false-positive,268.0,273.0
1240,20220807_234000_R14.WAV,False,false-positive,273.0,278.0
1241,20220807_234000_R15.WAV,False,false-positive,276.0,281.0
1242,20220807_234000_R16.WAV,False,false-positive,282.0,287.0
1243,20220807_234000_R17.WAV,False,false-positive,287.0,292.0
1244,20220807_234000_R18.WAV,False,false-positive,289.0,294.0
1245,20220807_234000_R19.WAV,False,possum,295.0,300.0
1246,20220807_235000_R0.WAV,False,false-positive,9.5,14.5
1247,20220807_235000_R1.WAV,True,false-positive,14.0,19.0
1248,20220807_235000_R2.WAV,True,possum,26.0,31.0
1249,20220807_235000_R3.WAV,False,possum,153.5,158.5
1250,20220807_235000_R4.WAV,False,possum,255.5,260.5
1251,20220807_235000_R5.WAV,False,false-positive,271.0,276.0
1252,20220606_222000_R1.WAV,True,possum,150.62741312741312,155.62741312741312
1253,20220807_023000_R6.WAV,False,possum,199.73938223938228,204.73938223938228
1254,20220807_023000_R7.WAV,False,possum,149.38838144266714,154.38838144266714
1255,20220807_023000_R8.WAV,False,possum,117.40765949623093,122.40765949623093
1256,20220807_023000_R9.WAV,False,possum,4.345856468713611,9.345856468713611
1257,20220807_023000_R10.WAV,False,possum,219.66216216216216,224.66216216216216
1258,20220808_003000_R0.WAV,False,possum,2.5,7.5
1259,20220808_003000_R1.WAV,False,possum,62.5,67.5
1260,20220808_003000_R2.WAV,False,false-positive,68.0,73.0
1261,20220808_003000_R3.WAV,False,false-positive,71.0,76.0
1262,20220808_003000_R4.WAV,False,false-positive,101.0,106.0
1263,20220808_003000_R5.WAV,False,possum,126.0,131.0
1264,20220808_003000_R6.WAV,False,false-positive,130.0,135.0
1265,20220808_003000_R7.WAV,False,possum,206.0,211.0
1266,20220808_003000_R8.WAV,False,false-positive,241.5,246.5
1267,20220808_003000_R9.WAV,False,false-positive,273.0,278.0
1268,20220808_004000_R0.WAV,False,possum,25.5,30.5
1269,20220808_004000_R1.WAV,False,possum,263.5,268.5
1270,20220808_005000_R0.WAV,False,possum,69.5,74.5
1271,20220808_005000_R1.WAV,False,possum,143.5,148.5
1272,20220808_005000_R2.WAV,False,false-positive,216.0,221.0
1273,20220808_005000_R3.WAV,False,false-positive,230.0,235.0
1274,20220808_005000_R4.WAV,False,false-positive,252.0,257.0
1275,20220808_005000_R5.WAV,False,false-positive,268.0,273.0
1276,20220808_005000_R6.WAV,False,false-positive,295.0,300.0
1277,20220808_010000_R0.WAV,False,false-positive,70.0,75.0
1278,20220808_010000_R1.WAV,False,false-positive,73.0,78.0
1279,20220808_010000_R2.WAV,False,possum,94.0,99.0
1280,20220808_010000_R3.WAV,False,false-positive,113.5,118.5
1281,20220808_010000_R4.WAV,False,possum,181.5,186.5
1282,20220808_010000_R5.WAV,False,possum,203.5,208.5
1283,20220808_010000_R6.WAV,True,false-positive,215.5,220.5
1284,20220808_010000_R7.WAV,False,possum,250.5,255.5
1285,20220808_010000_R8.WAV,False,false-positive,265.5,270.5
1286,20220808_010000_R9.WAV,False,false-positive,289.0,294.0
1287,20220808_011000_R0.WAV,False,false-positive,29.0,34.0
1288,20220808_011000_R1.WAV,False,false-positive,41.0,46.0
1289,20220808_011000_R2.WAV,False,possum,83.5,88.5
1290,20220808_011000_R3.WAV,False,false-positive,132.0,137.0
1291,20220808_011000_R4.WAV,False,false-positive,169.0,174.0
1292,20220808_011000_R5.WAV,False,false-positive,172.0,177.0
1293,20220808_011000_R6.WAV,False,possum,207.0,212.0
1294,20220808_011000_R7.WAV,False,possum,209.0,214.0
1295,20220808_011000_R8.WAV,False,possum,241.0,246.0
1296,20220808_011000_R9.WAV,False,possum,281.5,286.5
1297,20220808_011000_R10.WAV,False,false-positive,293.0,298.0
1298,20220808_012000_R0.WAV,False,false-positive,3.0,8.0
1299,20220808_012000_R1.WAV,False,possum,8.0,13.0
1300,20220808_012000_R2.WAV,False,false-positive,16.5,21.5
1301,20220808_012000_R3.WAV,False,false-positive,39.0,44.0
1302,20220808_012000_R4.WAV,True,false-positive,48.0,53.0
1303,20220808_012000_R5.WAV,False,false-positive,59.5,64.5
1304,20220808_012000_R6.WAV,False,false-positive,68.0,73.0
1305,20220808_012000_R7.WAV,False,false-positive,79.0,84.0
1306,20220808_012000_R8.WAV,False,false-positive,91.0,96.0
1307,20220808_012000_R9.WAV,False,false-positive,105.0,110.0
1308,20220808_012000_R10.WAV,False,false-positive,130.0,135.0
1309,20220808_012000_R11.WAV,False,possum,133.0,138.0
1310,20220808_012000_R12.WAV,True,possum,136.0,141.0
1311,20220808_012000_R13.WAV,False,false-positive,147.0,152.0
1312,20220808_012000_R14.WAV,True,false-positive,150.0,155.0
1313,20220808_012000_R15.WAV,True,possum,176.5,181.5
1314,20220808_013000_R0.WAV,False,possum,157.5,162.5
1315,20220808_013000_R1.WAV,False,false-positive,173.0,178.0
1316,20220808_013000_R2.WAV,False,possum,195.0,200.0
1317,20220808_014000_R0.WAV,False,possum,12.0,17.0
1318,20220808_014000_R1.WAV,False,false-positive,21.5,26.5
1319,20220808_014000_R2.WAV,False,false-positive,28.0,33.0
1320,20220808_014000_R3.WAV,True,possum,56.5,61.5
1321,20220808_014000_R4.WAV,False,possum,122.0,127.0
1322,20220808_014000_R5.WAV,False,false-positive,126.0,131.0
1323,20220808_014000_R6.WAV,False,possum,259.5,264.5
1324,20220808_015000_R0.WAV,True,possum,123.5,128.5
1325,20220808_015000_R1.WAV,False,false-positive,130.5,135.5
1326,20220808_015000_R2.WAV,True,possum,191.5,196.5
1327,20220808_015000_R3.WAV,False,false-positive,215.0,220.0
1328,20220808_015000_R4.WAV,False,false-positive,220.0,225.0
1329,20220808_015000_R5.WAV,False,false-positive,226.0,231.0
1330,20220808_015000_R6.WAV,False,possum,230.5,235.5
1331,20220808_015000_R7.WAV,False,false-positive,273.0,278.0
1332,20220808_024000_R0.WAV,True,possum,26.5,31.5
1333,20220808_024000_R1.WAV,False,possum,82.5,87.5
1334,20220808_024000_R2.WAV,False,false-positive,128.0,133.0
1335,20220808_024000_R3.WAV,True,false-positive,131.0,136.0
1336,20220808_024000_R4.WAV,False,possum,147.5,152.5
1337,20220808_024000_R5.WAV,False,possum,186.0,191.0
1338,20220808_024000_R6.WAV,False,possum,221.5,226.5
1339,20220808_024000_R7.WAV,False,possum,246.5,251.5
1340,20220808_024000_R8.WAV,False,false-positive,284.0,289.0
1341,20220808_025000_R0.WAV,False,possum,0.0,5.0
1342,20220808_025000_R1.WAV,True,possum,118.5,123.5
1343,20220808_025000_R2.WAV,True,false-positive,270.0,275.0
1344,20220808_025000_R3.WAV,False,possum,285.0,290.0
1345,20220808_030000_R0.WAV,False,false-positive,12.0,17.0
1346,20220808_030000_R1.WAV,False,false-positive,28.0,33.0
1347,20220808_030000_R2.WAV,False,possum,39.0,44.0
1348,20220808_030000_R3.WAV,False,false-positive,52.0,57.0
1349,20220808_030000_R4.WAV,False,possum,99.0,104.0
1350,20220808_030000_R5.WAV,False,possum,239.5,244.5
1351,20220808_030000_R6.WAV,False,possum,273.0,278.0
1352,20220808_030000_R7.WAV,False,possum,287.5,292.5
1353,20220808_031000_R0.WAV,False,possum,24.5,29.5
1354,20220808_031000_R1.WAV,False,possum,76.0,81.0
1355,20220808_031000_R2.WAV,False,possum,266.0,271.0
1356,20220808_032000_R0.WAV,False,false-positive,15.0,20.0
1357,20220808_032000_R1.WAV,False,possum,18.5,23.5
1358,20220808_032000_R2.WAV,False,false-positive,54.0,59.0
1359,20220808_032000_R3.WAV,False,possum,109.5,114.5
1360,20220808_032000_R4.WAV,False,possum,201.0,206.0
1361,20220808_032000_R5.WAV,False,false-positive,213.5,218.5
1362,20220808_033000_R0.WAV,False,possum,44.5,49.5
1363,20220808_033000_R1.WAV,True,possum,141.0,146.0
1364,20220808_034000_R0.WAV,False,possum,69.0,74.0
1365,20220808_034000_R1.WAV,False,possum,101.5,106.5
1366,20220808_034000_R2.WAV,False,possum,104.0,109.0
1367,20220808_034000_R3.WAV,False,possum,150.0,155.0
1368,20220808_034000_R4.WAV,False,false-positive,160.0,165.0
1369,20220808_034000_R5.WAV,False,possum,234.5,239.5
1370,20220808_034000_R6.WAV,False,false-positive,241.0,246.0
1371,20220808_034000_R7.WAV,False,possum,278.0,283.0
1372,20220808_035000_R0.WAV,True,possum,31.0,36.0
1373,20220808_035000_R1.WAV,False,false-positive,91.0,96.0
1374,20220808_035000_R2.WAV,False,false-positive,96.0,101.0
1375,20220808_035000_R3.WAV,False,possum,118.5,123.5
1376,20220808_035000_R4.WAV,False,false-positive,128.0,133.0
1377,20220808_035000_R5.WAV,False,possum,164.0,169.0
1378,20220808_035000_R6.WAV,False,possum,203.5,208.5
1379,20220808_035000_R7.WAV,False,possum,286.0,291.0
1380,20220808_040000_R0.WAV,False,false-positive,46.0,51.0
1381,20220808_040000_R1.WAV,False,possum,60.5,65.5
1382,20220808_040000_R2.WAV,False,possum,63.5,68.5
1383,20220808_040000_R3.WAV,False,false-positive,76.0,81.0
1384,20220808_040000_R4.WAV,False,false-positive,175.0,180.0
1385,20220808_040000_R5.WAV,False,possum,192.5,197.5
1386,20220808_040000_R6.WAV,False,possum,257.5,262.5
1387,20220808_040000_R7.WAV,False,false-positive,295.0,300.0
1388,20220808_042000_R0.WAV,False,false-positive,61.0,66.0
1389,20220808_042000_R1.WAV,False,false-positive,94.0,99.0
1390,20220808_042000_R2.WAV,False,possum,195.0,200.0
1391,20220808_042000_R3.WAV,False,false-positive,203.0,208.0
1392,20220808_042000_R4.WAV,True,possum,248.0,253.0
1393,20220808_042000_R5.WAV,False,possum,286.0,291.0
1394,20220808_042000_R6.WAV,False,false-positive,291.0,296.0
1395,20220808_043000_R0.WAV,False,possum,89.0,94.0
1396,20220808_043000_R1.WAV,False,possum,127.0,132.0
1397,20220808_043000_R2.WAV,False,possum,129.0,134.0
1398,20220808_043000_R3.WAV,False,possum,204.5,209.5
1399,20220808_043000_R4.WAV,False,possum,254.0,259.0
1400,20220808_043000_R5.WAV,False,possum,256.5,261.5
1401,20220808_043000_R6.WAV,False,false-positive,262.0,267.0
1402,20220808_043000_R7.WAV,False,false-positive,264.0,269.0
1403,20220808_043000_R8.WAV,False,false-positive,274.0,279.0
1404,20220808_043000_R9.WAV,False,false-positive,276.5,281.5
1405,20220808_043000_R10.WAV,False,false-positive,279.5,284.5
1406,20220808_043000_R11.WAV,False,false-positive,283.0,288.0
1407,20220808_043000_R12.WAV,False,false-positive,289.0,294.0
1408,20220808_043000_R13.WAV,False,false-positive,294.5,299.5
1409,20220808_044000_R0.WAV,False,false-positive,18.0,23.0
1410,20220808_044000_R1.WAV,True,possum,34.5,39.5
1411,20220808_044000_R2.WAV,False,false-positive,48.0,53.0
1412,20220808_044000_R3.WAV,False,possum,212.5,217.5
1413,20220808_044000_R4.WAV,False,possum,249.0,254.0
1414,20220808_044000_R5.WAV,True,false-positive,263.0,268.0
1415,20220808_045000_R0.WAV,False,possum,127.5,132.5
1416,20220808_045000_R1.WAV,False,possum,179.5,184.5
1417,20220808_045000_R2.WAV,False,possum,211.0,216.0
1418,20220808_045000_R3.WAV,False,possum,269.0,274.0
1419,20220808_050000_R0.WAV,False,possum,16.5,21.5
1420,20220808_050000_R1.WAV,False,false-positive,55.0,60.0
1421,20220808_050000_R2.WAV,False,false-positive,86.5,91.5
1422,20220808_050000_R3.WAV,False,false-positive,101.0,106.0
1423,20220808_050000_R4.WAV,False,false-positive,108.5,113.5
1424,20220808_050000_R5.WAV,False,possum,123.0,128.0
1425,20220808_050000_R6.WAV,False,possum,195.5,200.5
1426,20220808_050000_R7.WAV,False,false-positive,202.0,207.0
1427,20220808_051000_R0.WAV,False,possum,73.0,78.0
1428,20220808_054000_R0.WAV,False,false-positive,44.0,49.0
1429,20220808_180000_R0.WAV,False,possum,21.5,26.5
1430,20220808_180000_R1.WAV,False,false-positive,62.0,67.0
1431,20220808_180000_R2.WAV,False,false-positive,67.0,72.0
1432,20220808_180000_R3.WAV,False,false-positive,77.5,82.5
1433,20220808_180000_R4.WAV,False,false-positive,83.0,88.0
1434,20220808_180000_R5.WAV,False,false-positive,87.0,92.0
1435,20220808_180000_R6.WAV,False,false-positive,90.0,95.0
1436,20220808_180000_R7.WAV,False,false-positive,94.0,99.0
1437,20220808_180000_R8.WAV,False,false-positive,110.0,115.0
1438,20220808_180000_R9.WAV,False,false-positive,112.0,117.0
1439,20220808_180000_R10.WAV,False,false-positive,114.0,119.0
1440,20220808_180000_R11.WAV,False,possum,127.5,132.5
1441,20220808_180000_R12.WAV,False,false-positive,192.0,197.0
1442,20220808_180000_R13.WAV,False,false-positive,194.0,199.0
1443,20220808_180000_R14.WAV,False,false-positive,205.0,210.0
1444,20220808_180000_R15.WAV,False,false-positive,209.0,214.0
1445,20220808_180000_R16.WAV,False,false-positive,214.5,219.5
1446,20220808_181000_R0.WAV,False,possum,20.5,25.5
1447,20220808_181000_R1.WAV,False,possum,32.0,37.0
1448,20220808_181000_R2.WAV,False,false-positive,36.0,41.0
1449,20220808_181000_R3.WAV,False,possum,231.5,236.5
1450,20220808_181000_R4.WAV,False,false-positive,242.0,247.0
1451,20220808_182000_R0.WAV,False,possum,17.0,22.0
1452,20220808_182000_R1.WAV,True,false-positive,25.5,30.5
1453,20220808_182000_R2.WAV,False,false-positive,28.0,33.0
1454,20220808_182000_R3.WAV,False,false-positive,30.0,35.0
1455,20220808_182000_R4.WAV,False,possum,84.5,89.5
1456,20220808_182000_R5.WAV,False,false-positive,90.5,95.5
1457,20220808_182000_R6.WAV,False,false-positive,98.0,103.0
1458,20220808_182000_R7.WAV,False,false-positive,132.0,137.0
1459,20220808_182000_R8.WAV,False,false-positive,158.0,163.0
1460,20220808_183000_R0.WAV,False,false-positive,6.0,11.0
1461,20220808_183000_R1.WAV,False,false-positive,130.0,135.0
1462,20220808_183000_R2.WAV,False,false-positive,248.0,253.0
1463,20220808_183000_R3.WAV,False,false-positive,250.0,255.0
1464,20220808_183000_R4.WAV,False,possum,253.0,258.0
1465,20220808_183000_R5.WAV,False,false-positive,266.0,271.0
1466,20220808_183000_R6.WAV,False,false-positive,272.0,277.0
1467,20220808_183000_R7.WAV,False,false-positive,280.0,285.0
1468,20220808_183000_R8.WAV,False,false-positive,285.0,290.0
1469,20220808_184000_R0.WAV,False,possum,44.5,49.5
1470,20220808_184000_R1.WAV,False,possum,155.0,160.0
1471,20220808_184000_R2.WAV,False,possum,234.5,239.5
1472,20220808_184000_R3.WAV,False,possum,262.0,267.0
1473,20220808_184000_R4.WAV,False,false-positive,286.0,291.0
1474,20220808_185000_R0.WAV,False,false-positive,8.5,13.5
1475,20220808_185000_R1.WAV,False,false-positive,12.5,17.5
1476,20220808_185000_R2.WAV,False,possum,28.0,33.0
1477,20220808_185000_R3.WAV,False,possum,97.5,102.5
1478,20220808_185000_R4.WAV,False,possum,216.0,221.0
1479,20220808_185000_R5.WAV,False,possum,277.0,282.0
1480,20220808_190000_R0.WAV,False,possum,25.0,30.0
1481,20220808_190000_R1.WAV,False,possum,128.5,133.5
1482,20220808_190000_R2.WAV,False,possum,186.5,191.5
1483,20220808_191000_R0.WAV,False,possum,13.5,18.5
1484,20220808_191000_R1.WAV,False,false-positive,53.5,58.5
1485,20220808_191000_R2.WAV,False,false-positive,66.0,71.0
1486,20220808_191000_R3.WAV,False,possum,172.5,177.5
1487,20220808_191000_R4.WAV,False,possum,225.0,230.0
1488,20220808_193000_R0.WAV,False,possum,42.5,47.5
1489,20220808_193000_R1.WAV,False,false-positive,48.0,53.0
1490,20220808_193000_R2.WAV,False,possum,74.0,79.0
1491,20220808_193000_R3.WAV,False,possum,77.0,82.0
1492,20220808_193000_R4.WAV,False,false-positive,109.5,114.5
1493,20220808_193000_R5.WAV,False,possum,234.5,239.5
1494,20220808_193000_R6.WAV,False,possum,272.5,277.5
1495,20220808_194000_R0.WAV,False,possum,165.0,170.0
1496,20220808_194000_R1.WAV,False,false-positive,171.0,176.0
1497,20220808_194000_R2.WAV,False,possum,208.0,213.0
1498,20220808_195000_R0.WAV,False,false-positive,54.5,59.5
1499,20220808_195000_R1.WAV,False,possum,93.0,98.0
1500,20220808_195000_R2.WAV,False,possum,208.0,213.0
1501,20220808_195000_R3.WAV,False,possum,258.5,263.5
1502,20220808_200000_R0.WAV,False,possum,29.5,34.5
1503,20220808_200000_R1.WAV,False,false-positive,63.5,68.5
1504,20220808_200000_R2.WAV,False,possum,121.0,126.0
1505,20220808_200000_R3.WAV,False,false-positive,149.0,154.0
1506,20220808_200000_R4.WAV,False,false-positive,151.0,156.0
1507,20220808_200000_R5.WAV,False,false-positive,177.0,182.0
1508,20220808_200000_R6.WAV,False,possum,180.5,185.5
1509,20220808_201000_R0.WAV,False,false-positive,46.0,51.0
1510,20220808_201000_R1.WAV,False,possum,66.0,71.0
1511,20220808_201000_R2.WAV,False,false-positive,69.5,74.5
1512,20220808_201000_R3.WAV,False,false-positive,84.0,89.0
1513,20220808_201000_R4.WAV,False,false-positive,266.0,271.0
1514,20220808_201000_R5.WAV,False,false-positive,272.0,277.0
1515,20220808_202000_R0.WAV,False,false-positive,113.0,118.0
1516,20220808_202000_R1.WAV,False,false-positive,148.0,153.0
1517,20220808_202000_R2.WAV,False,false-positive,157.0,162.0
1518,20220808_202000_R3.WAV,False,possum,176.0,181.0
1519,20220808_202000_R4.WAV,False,false-positive,187.5,192.5
1520,20220808_202000_R5.WAV,False,false-positive,191.0,196.0
1521,20220808_202000_R6.WAV,False,false-positive,193.0,198.0
1522,20220808_202000_R7.WAV,False,false-positive,195.0,200.0
1523,20220808_202000_R8.WAV,False,false-positive,272.0,277.0
1524,20220808_204000_R0.WAV,False,possum,118.5,123.5
1525,20220808_204000_R1.WAV,False,possum,125.5,130.5
1526,20220808_204000_R2.WAV,False,possum,237.0,242.0
1527,20220808_205000_R0.WAV,False,possum,49.0,54.0
1528,20220808_205000_R1.WAV,False,false-positive,64.5,69.5
1529,20220808_205000_R2.WAV,False,possum,84.0,89.0
1530,20220808_205000_R3.WAV,False,possum,127.5,132.5
1531,20220808_205000_R4.WAV,False,possum,217.0,222.0
1532,20220808_205000_R5.WAV,False,false-positive,225.0,230.0
1533,20220808_205000_R6.WAV,False,possum,258.5,263.5
1534,20220808_210000_R0.WAV,True,possum,27.0,32.0
1535,20220808_210000_R1.WAV,False,possum,173.5,178.5
1536,20220808_210000_R2.WAV,False,possum,207.0,212.0
1537,20220808_210000_R3.WAV,False,false-positive,240.0,245.0
1538,20220808_210000_R4.WAV,False,possum,249.0,254.0
1539,20220808_211000_R0.WAV,False,possum,30.0,35.0
1540,20220808_211000_R1.WAV,False,false-positive,88.5,93.5
1541,20220808_211000_R2.WAV,False,possum,189.5,194.5
1542,20220808_212000_R0.WAV,False,possum,46.5,51.5
1543,20220808_212000_R1.WAV,False,possum,97.5,102.5
1544,20220808_212000_R2.WAV,False,false-positive,206.0,211.0
1545,20220808_212000_R3.WAV,False,false-positive,211.5,216.5
1546,20220808_212000_R4.WAV,False,false-positive,229.0,234.0
1547,20220808_212000_R5.WAV,False,false-positive,242.0,247.0
1548,20220808_212000_R6.WAV,False,false-positive,244.0,249.0
1549,20220808_213000_R0.WAV,False,possum,5.0,10.0
1550,20220808_213000_R1.WAV,False,false-positive,114.0,119.0
1551,20220808_213000_R2.WAV,False,false-positive,119.0,124.0
1552,20220808_213000_R3.WAV,True,false-positive,127.5,132.5
1553,20220808_213000_R4.WAV,False,false-positive,139.0,144.0
1554,20220808_213000_R5.WAV,False,false-positive,252.0,257.0
1555,20220808_214000_R0.WAV,True,false-positive,8.0,13.0
1556,20220808_214000_R1.WAV,False,possum,14.5,19.5
1557,20220808_214000_R2.WAV,False,false-positive,22.5,27.5
1558,20220808_214000_R3.WAV,False,false-positive,28.5,33.5
1559,20220808_214000_R4.WAV,False,false-positive,40.0,45.0
1560,20220808_214000_R5.WAV,False,possum,148.0,153.0
1561,20220808_214000_R6.WAV,False,false-positive,152.0,157.0
1562,20220808_214000_R7.WAV,False,false-positive,155.0,160.0
1563,20220808_214000_R8.WAV,False,false-positive,167.5,172.5
1564,20220808_214000_R9.WAV,False,false-positive,172.5,177.5
1565,20220808_214000_R10.WAV,True,false-positive,194.0,199.0
1566,20220808_214000_R11.WAV,False,possum,253.0,258.0
1567,20220808_215000_R0.WAV,False,possum,60.0,65.0
1568,20220808_215000_R1.WAV,False,possum,111.5,116.5
1569,20220808_215000_R2.WAV,False,possum,114.0,119.0
1570,20220808_215000_R3.WAV,False,false-positive,122.0,127.0
1571,20220808_215000_R4.WAV,False,false-positive,140.5,145.5
1572,20220808_215000_R5.WAV,False,possum,188.5,193.5
1573,20220808_215000_R6.WAV,False,possum,229.5,234.5
1574,20220808_215000_R7.WAV,False,false-positive,249.5,254.5
1575,20220808_215000_R8.WAV,False,false-positive,258.0,263.0
1576,20220808_215000_R9.WAV,True,false-positive,295.0,300.0
1577,20220808_220000_R0.WAV,False,possum,4.5,9.5
1578,20220808_220000_R1.WAV,False,false-positive,28.0,33.0
1579,20220808_220000_R2.WAV,False,possum,73.5,78.5
1580,20220808_220000_R3.WAV,False,possum,132.0,137.0
1581,20220808_220000_R4.WAV,False,possum,203.5,208.5
1582,20220808_221000_R0.WAV,False,possum,62.0,67.0
1583,20220808_221000_R1.WAV,False,possum,80.0,85.0
1584,20220808_221000_R2.WAV,True,possum,183.5,188.5
1585,20220808_221000_R3.WAV,False,possum,251.0,256.0
1586,20220808_222000_R0.WAV,False,possum,100.0,105.0
1587,20220808_222000_R1.WAV,False,false-positive,146.0,151.0
1588,20220808_222000_R2.WAV,False,false-positive,204.0,209.0
1589,20220808_222000_R3.WAV,False,false-positive,223.0,228.0
1590,20220808_222000_R4.WAV,False,possum,228.5,233.5
1591,20220808_222000_R5.WAV,False,false-positive,245.0,250.0
1592,20220808_222000_R6.WAV,False,false-positive,251.0,256.0
1593,20220808_222000_R7.WAV,False,false-positive,255.0,260.0
1594,20220808_222000_R8.WAV,False,false-positive,278.0,283.0
1595,20220808_223000_R0.WAV,False,possum,35.0,40.0
1596,20220808_223000_R1.WAV,False,possum,73.0,78.0
1597,20220808_223000_R2.WAV,False,possum,163.5,168.5
1598,20220808_223000_R3.WAV,False,false-positive,218.0,223.0
1599,20220808_223000_R4.WAV,False,possum,249.5,254.5
1600,20220808_223000_R5.WAV,False,false-positive,253.0,258.0
1601,20220808_224000_R0.WAV,False,possum,13.5,18.5
1602,20220808_224000_R1.WAV,False,false-positive,47.0,52.0
1603,20220808_224000_R2.WAV,False,possum,54.0,59.0
1604,20220808_224000_R3.WAV,False,false-positive,102.0,107.0
1605,20220808_224000_R4.WAV,False,false-positive,121.0,126.0
1606,20220808_224000_R5.WAV,False,false-positive,184.0,189.0
1607,20220808_225000_R0.WAV,False,false-positive,49.5,54.5
1608,20220808_225000_R1.WAV,False,false-positive,57.0,62.0
1609,20220808_225000_R2.WAV,True,false-positive,59.0,64.0
1610,20220808_225000_R3.WAV,False,possum,64.5,69.5
1611,20220808_225000_R4.WAV,True,possum,139.0,144.0
1612,20220808_225000_R6.WAV,False,false-positive,268.0,273.0
1613,20220808_230000_R0.WAV,True,false-positive,136.0,141.0
1614,20220808_230000_R1.WAV,False,false-positive,176.5,181.5
1615,20220808_230000_R2.WAV,False,false-positive,234.0,239.0
1616,20220808_230000_R3.WAV,False,possum,246.5,251.5
1617,20220808_230000_R4.WAV,False,possum,291.5,296.5
1618,20220808_231000_R0.WAV,False,false-positive,2.0,7.0
1619,20220808_231000_R1.WAV,True,false-positive,49.0,54.0
1620,20220808_231000_R2.WAV,False,false-positive,70.0,75.0
1621,20220808_231000_R3.WAV,False,possum,91.0,96.0
1622,20220808_231000_R4.WAV,False,false-positive,129.0,134.0
1623,20220808_231000_R5.WAV,False,false-positive,135.0,140.0
1624,20220808_231000_R6.WAV,False,possum,146.0,151.0
1625,20220808_231000_R7.WAV,False,false-positive,161.5,166.5
1626,20220808_231000_R8.WAV,False,false-positive,206.0,211.0
1627,20220808_231000_R9.WAV,True,false-positive,212.0,217.0
1628,20220808_231000_R10.WAV,False,possum,238.0,243.0
1629,20220808_231000_R11.WAV,False,possum,240.5,245.5
1630,20220808_232000_R0.WAV,False,false-positive,84.0,89.0
1631,20220808_232000_R1.WAV,False,false-positive,94.0,99.0
1632,20220808_232000_R2.WAV,False,false-positive,149.0,154.0
1633,20220808_232000_R3.WAV,False,false-positive,189.0,194.0
1634,20220808_232000_R4.WAV,False,possum,194.5,199.5
1635,20220808_232000_R5.WAV,False,false-positive,208.0,213.0
1636,20220808_232000_R6.WAV,False,false-positive,221.0,226.0
1637,20220808_233000_R0.WAV,False,possum,32.5,37.5
1638,20220808_233000_R1.WAV,False,possum,221.5,226.5
1639,20220808_234000_R0.WAV,False,possum,111.0,116.0
1640,20220808_234000_R1.WAV,False,false-positive,120.0,125.0
1641,20220808_234000_R2.WAV,False,possum,146.0,151.0
1642,20220808_234000_R3.WAV,False,possum,192.5,197.5
1643,20220808_234000_R4.WAV,False,false-positive,196.0,201.0
1644,20220808_234000_R5.WAV,False,false-positive,201.0,206.0
1645,20220808_234000_R6.WAV,False,false-positive,205.0,210.0
1646,20220808_234000_R7.WAV,False,possum,247.5,252.5
1647,20220808_225000_R5.WAV,False,possum,183.66248575105726,188.66248575105726
1648,20220809_001000_R0.WAV,False,false-positive,50.5,55.5
1649,20220809_001000_R1.WAV,False,false-positive,101.0,106.0
1650,20220809_001000_R2.WAV,False,possum,155.0,160.0
1651,20220809_001000_R3.WAV,False,possum,183.0,188.0
1652,20220809_001000_R4.WAV,False,false-positive,290.5,295.5
1653,20220809_002000_R0.WAV,False,possum,57.0,62.0
1654,20220809_002000_R1.WAV,False,possum,74.0,79.0
1655,20220809_002000_R2.WAV,True,false-positive,110.5,115.5
1656,20220809_002000_R3.WAV,False,false-positive,125.0,130.0
1657,20220809_002000_R4.WAV,False,false-positive,130.0,135.0
1658,20220809_002000_R5.WAV,False,false-positive,137.0,142.0
1659,20220809_002000_R6.WAV,False,false-positive,141.0,146.0
1660,20220809_002000_R7.WAV,False,false-positive,153.0,158.0
1661,20220809_002000_R8.WAV,False,false-positive,157.0,162.0
1662,20220809_002000_R9.WAV,False,false-positive,164.0,169.0
1663,20220809_002000_R10.WAV,True,possum,238.5,243.5
1664,20220809_002000_R11.WAV,False,possum,273.0,278.0
1665,20220809_003000_R0.WAV,False,possum,1.5,6.5
1666,20220809_003000_R1.WAV,False,possum,58.0,63.0
1667,20220809_003000_R2.WAV,False,possum,155.5,160.5
1668,20220809_003000_R3.WAV,False,possum,189.5,194.5
1669,20220809_004000_R0.WAV,False,possum,64.0,69.0
1670,20220809_004000_R1.WAV,False,false-positive,80.5,85.5
1671,20220809_004000_R2.WAV,False,possum,271.0,276.0
1672,20220809_010000_R0.WAV,False,false-positive,57.0,62.0
1673,20220809_010000_R1.WAV,False,possum,253.0,258.0
1674,20220809_002000_R12.WAV,False,possum,178.1258601458607,183.1258601458607
1870,20220606_222000_R2.WAV,False,false-positive,60.97490347490347,65.97490347490347
1871,20220806_030000_R1.WAV,False,possum,145.87864803575596,150.87864803575596
1872,20220806_030000_R2.WAV,False,possum,99.37589385304744,104.37589385304744
1873,20220806_030000_R3.WAV,False,false-positive,105.6104026475798,110.6104026475798
1874,20220806_030000_R4.WAV,False,false-positive,110.70112275531648,115.70112275531648